row,logFC,logCPM,F,pvalue,FDR,genesymbol
1,-9.68086317315031,5.05767971129155,2396.06126115433,4.10012073539366e-24,5.00091726095965e-20,Igkc
2,-3.38219209846817,2.18944701856437,171.984607099915,6.20995945525655e-12,3.78714377378821e-08,Jchain
3,-0.517885106588023,9.19093305794188,102.740684795521,8.58066143641664e-10,3.48861091799913e-06,AY036118
4,0.56585555153125,6.34226900431775,70.1531346231666,2.54659892735237e-08,7.17839683131263e-05,Cst7
5,0.487708758007718,7.2578937457232,68.4392467937048,3.14364874867109e-08,7.17839683131263e-05,Cd48
6,-3.55503822706538,0.740472820122608,67.5070985790789,3.53122743198129e-08,7.17839683131263e-05,Thbs1
7,0.559890607437337,5.81865831650052,64.7731193973518,5.00212453018264e-08,8.71584469923394e-05,Ass1
8,3.64912326918755,1.32829723579092,61.8710481743728,7.32942380596774e-08,0.000105525025023789,Tcrg-C1
9,1.58542350545998,4.22507492643222,97.7639622499965,7.78654771840701e-08,0.000105525025023789,Lrp1
10,-0.708479887654892,4.74708321134618,51.715004837214,3.12987012048144e-07,0.00035984787942154,C030034L19Rik
11,-0.572040120616164,5.57705495693736,51.7308757971053,3.24532809185614e-07,0.00035984787942154,Nos1ap
12,0.436139785169783,6.74107652492152,49.9137292653649,4.13566172464487e-07,0.000420355550462446,Ppa1
13,-0.443628453790239,6.78706442449282,47.6324947993684,5.94749237495403e-07,0.000533567743446544,Txnip
14,-0.694304494395397,4.54624826943747,47.4516979742359,6.12441453492795e-07,0.000533567743446544,Slc35d3
15,-5.89462284431108,0.280998395937011,53.2513667697674,6.80608964324949e-07,0.000553425835858094,Cd79a
16,-0.708651321197676,4.48752170702424,46.279260181573,7.42084286277665e-07,0.000565700127483042,Lst1
17,1.33672147923534,3.50009267016821,52.6442188340602,1.18234637876784e-06,0.000848298751872433,H2-Eb1
18,0.428135415488863,5.97170650723271,42.387484344245,1.43933680393753e-06,0.000973659616230266,Uck2
19,0.803055103460951,5.65109257045459,61.5181050753737,1.51672810595844e-06,0.000973659616230266,H2-Ab1
20,-0.859981720483161,3.82150149077625,41.3125639439835,2.13096825739268e-06,0.00125849154095857,Wfdc18
21,-0.68596477266713,6.5557610881524,62.0796050549715,2.16678874806346e-06,0.00125849154095857,H2-Ob
22,0.40396670425891,6.21307887641237,39.5753547384937,2.38449377760757e-06,0.00126903522331719,Gbp7
23,0.430922390466164,5.86488476694296,39.3917889290493,2.46639831313063e-06,0.00126903522331719,Nt5dc2
24,-0.398298980629671,5.96360608224665,39.3247379110479,2.49707676966569e-06,0.00126903522331719,Arap2
25,0.581952312378791,5.04209107028967,38.3865284399276,2.97299190657e-06,0.00138575451065616,Rgcc
26,-1.78065036744447,3.13282316921988,60.5904829194986,2.97629624454963e-06,0.00138575451065616,Elane
27,-0.590514074653552,5.13649511263041,39.3703912572007,3.06758807802872e-06,0.00138575451065616,Gria3
28,0.373494119055771,7.00789241339663,37.1437543927609,3.76217912084306e-06,0.00159798011252141,Dtnbp1
29,0.352389016465584,9.561714944635,37.8063271463673,3.7994115981898e-06,0.00159798011252141,Gapdh
30,-0.650345515357343,4.23440769994044,35.8147062996992,4.86705848110952e-06,0.00197878374313643,Stxbp4
31,-0.361730287552866,7.37841881532901,35.2920120932237,5.39480910925802e-06,0.00212259634534258,Pou2f2
32,-1.36256315747385,1.78433642438665,35.0971006992459,5.6073315136127e-06,0.00213726945223544,Ly6c2
33,-0.664610823539369,3.81846867466294,34.4052956051681,6.43868019405804e-06,0.00237977522202806,Spry2
34,-0.440245486231982,5.7038250560351,34.0241170675682,6.95353081197668e-06,0.00249447692099058,Plek
35,0.426039906989125,7.27059195789914,36.835137795293,7.47463636180363e-06,0.00259138491905249,Pnp
36,-0.414443655298683,7.80081993238016,37.0659926702397,7.64859039812165e-06,0.00259138491905249,Samsn1
37,0.539179845764848,4.75469052129954,33.1915358306777,8.24145586124556e-06,0.00271678478755708,Them6
38,-0.466487720528456,5.62001430543203,33.701647650348,8.65318092500239e-06,0.00277744336163827,Hlf
39,-0.597854420501061,4.60069879965739,32.5818184423356,9.66215163489565e-06,0.00302177598694416,Auts2
40,0.594526402599007,4.24014816518771,32.2964058110712,9.92307535582657e-06,0.00302579375287542,Acat2
41,0.330091489837943,8.1961932983213,31.9116898666177,1.07579754376244e-05,0.00320036649787085,Nme1
42,0.470935591330654,7.25699188090121,38.0759823071419,1.15921374139146e-05,0.00322924476074077,Fabp5
43,0.304723349781903,8.35748804404566,31.507166830165,1.17193338109031e-05,0.00322924476074077,Phgdh
44,-0.948178689108076,3.12940797720414,31.8854810778713,1.18836133437335e-05,0.00322924476074077,Cd28
45,-1.76410994310459,1.18076724377698,31.4296391553304,1.191407839906e-05,0.00322924476074077,S100a8
46,-0.418199773046072,6.41606325943552,33.3956703566024,1.23435026465771e-05,0.00326719981670417,Angpt1
47,2.81105487784098,5.81204536602637,188.845049666965,1.25898492567923e-05,0.00326719981670417,Socs2
48,0.293617893896285,8.36573885403482,30.4790318692473,1.46120812701183e-05,0.00371299073440903,Ldha
49,-0.560759481519059,4.37926177220582,30.191882332779,1.55532180721497e-05,0.00387148164951039,Kdm7a
50,-1.8737701453343,0.84629550166999,29.981177027706,1.62858662146185e-05,0.00397277420439403,Gm11579
51,-0.488423447587461,4.71328978685497,29.7855015776048,1.70000948003897e-05,0.00406568933883044,Mylip
52,-0.53544799767433,4.74749585619412,29.5981766619462,1.77159853797778e-05,0.00415542064763751,Rnase6
53,-0.321709127264553,7.55923445788016,29.1611064279531,1.95176681528194e-05,0.00449164148037618,Smim14
54,0.289896814487175,8.02162645152876,29.0741859613702,1.98992946557014e-05,0.0044946610539924,Prmt1
55,-0.328999732639781,6.11936594972648,28.5384561320048,2.24389884439314e-05,0.00493849251754986,Sesn1
56,0.549871426977373,4.29086961084117,28.491537338182,2.26777208432717e-05,0.00493849251754986,Nek6
57,0.350648944532165,6.1235289899908,28.4138825904681,2.30789598672085e-05,0.00493849251754986,Eno1
58,0.333990743806611,7.10517715557586,28.3115741915772,2.36194615884251e-05,0.004960337897798,Apex1
59,-0.343797181077507,6.7348587101735,28.2420910682335,2.3994419608927e-05,0.004960337897798,Gcnt2
60,0.352126161386385,7.2498407853517,28.6214673482915,2.50311382383382e-05,0.00508841321821685,Lyar
61,0.670434423688675,4.10664745562994,28.0235644984685,2.91320457491957e-05,0.00582497642627771,Dhcr24
62,-0.393813191142205,5.39362929886902,26.7710492015953,3.36744158035824e-05,0.00662462660574669,Anxa4
63,0.290809701760566,7.70660372015635,26.4599696105,3.62261888653669e-05,0.00701350516810921,Phb2
64,-0.354823119068924,6.69407275285348,26.9407678081278,3.79630387038295e-05,0.00723492473547825,Mxd4
65,0.343966895809396,6.34552345972784,25.8427557291922,4.1937471641518e-05,0.00786940525556301,Timm8a1
66,0.464014866036882,5.47112469775008,27.0147059364158,4.41413318946189e-05,0.00812555606702156,Isyna1
67,-1.23469424391745,1.94043574812492,25.5584710745997,4.48928905366649e-05,0.00812555606702156,Tmtc1
68,-0.289463015283314,6.83799309310017,25.4975187643511,4.55557223747084e-05,0.00812555606702156,Nrip1
69,0.446645134285339,4.77413677932145,25.4601550661909,4.59673172603499e-05,0.00812555606702156,Gins1
70,0.320530111247636,6.39586786502728,25.3838227978071,4.68208686388284e-05,0.00815820192553986,Nudcd2
71,0.498277363233467,5.88840812049147,30.5975320123565,4.88625458415795e-05,0.00839403481168654,Dnmt3b
72,0.229534904229993,10.6126522069243,25.0908979396032,5.02607224240448e-05,0.00851430599175103,Ncl
73,0.283749577734156,9.4786407999619,24.9386019291767,5.34408579927404e-05,0.00887678049323273,Rbm3
74,-0.456919649784494,7.01075024297384,31.5984650414114,5.38560102073643e-05,0.00887678049323273,Zbtb20
75,-0.289184385539026,8.21462561587136,24.5210726290636,5.77705113959496e-05,0.00939502569995196,Cd93
76,0.288715561470329,6.29683861634625,24.3365104754102,6.04591914696313e-05,0.00970290471519859,Usp14
77,0.300504523142043,6.46285256138708,24.1283822406052,6.36562602721642e-05,0.0100833169680466,Rexo2
78,-0.546887473944347,3.94225732105691,24.0500903056786,6.4906329232808e-05,0.0100890591863954,Tanc1
79,0.361326820188125,5.51179531199831,24.0160416474095,6.54583223944022e-05,0.0100890591863954,Ifrd2
80,-0.77802734182368,2.94860979627099,23.9723581890336,6.6174037460985e-05,0.0100890591863954,Pcp4l1
81,0.775000345792626,4.37473859870836,29.9516613120068,6.75507076967649e-05,0.0101718022441659,Ldlr
82,1.1690927381312,2.54573193564006,24.9405073517605,7.02966676681586e-05,0.010404388618961,Prnp
83,-0.380760107046268,6.43580771582926,25.9096187997496,7.08013655303566e-05,0.010404388618961,Klf3
84,0.234794670403968,11.0767598945986,23.5384541793615,7.37663237077405e-05,0.010711045836468,Npm1
85,-0.295058180305523,6.50699954236292,23.3963422963407,7.64559009088644e-05,0.0107634816088421,Syk
86,1.21811515737369,2.00635737571981,23.3905018169298,7.65687050749475e-05,0.0107634816088421,Camkv
87,0.292943346003272,7.07007650270049,23.3798526004921,7.67748544698912e-05,0.0107634816088421,Odc1
88,0.24360655456603,8.61792731727314,23.0999323860838,8.24170951097335e-05,0.0114231966937889,Ranbp1
89,0.302935265192301,7.61052041399924,23.024570230954,8.58903607261002e-05,0.0116158977247966,Psmd7
90,-0.504030773108639,4.72477185905672,23.3217411771112,8.61887690018638e-05,0.0116158977247966,Gm44067
91,0.311208901554767,6.18249012382472,22.9026894691193,8.66644824921286e-05,0.0116158977247966,Wdr18
92,-0.498857652323684,4.11701088480024,22.8093592363675,8.87571093904083e-05,0.0117670702525523,2610008E11Rik
93,-0.710510697696291,3.20456726021431,22.6045105193232,9.35464213441791e-05,0.0121896611292171,Rab6b
94,0.345671011078071,5.46406643826827,22.5880461149658,9.39434406941386e-05,0.0121896611292171,Chek1
95,-0.49931737412509,5.00642212948863,23.7964532667558,9.60288499558652e-05,0.0123290935043335,Dusp6
96,0.257439273103063,7.52452703760948,22.4321510607068,9.7795265232805e-05,0.0124250921879638,Tuba4a
97,0.272470377950235,6.61584649945359,22.3231837403041,0.000100589975673608,0.0126484116834124,Gart
98,0.367566947124155,5.56607733393081,22.2718829696765,0.000101935815399452,0.0126868483717053,Reps1
99,0.288112694911274,6.21118562461656,22.0960763206029,0.000106699367200248,0.0131455775933477,Ndufa9
100,0.420290497158125,7.14673814765855,27.2267836249838,0.000108985848909793,0.0132134711162578,Lgals1
101,0.260934564125701,9.08028019442245,21.9784015074568,0.000110023490078504,0.0132134711162578,Calr
102,0.267042878595869,7.07457304072357,21.9618360745103,0.000110500455346257,0.0132134711162578,Cyc1
103,-1.06492107561739,1.8378821328676,21.8698601032439,0.000113190145601201,0.0133421801352377,Col19a1
104,0.272214994037909,6.72554513104692,21.846591800539,0.000113881874844342,0.0133421801352377,Ndufs8
105,-0.729353075737302,3.84109087401495,24.1870979961016,0.000114858482758052,0.0133421801352377,Mecom
106,-0.298846489063428,7.76529647973312,22.0932252329763,0.000117376399790201,0.0135060372475574,Tspan13
107,0.294127589879389,6.47256930738653,21.6682142971679,0.000119340809948878,0.0136037369994997,Galk1
108,-1.70012738442261,0.632601916321526,21.4469770168127,0.000126512306714099,0.0141944835790972,Xkrx
109,1.98873742876278,0.680670071064955,21.3810730451797,0.00012873868011269,0.0141944835790972,Sulf2
110,-0.316365753068787,6.04662434989159,21.3793429942147,0.000128797698740037,0.0141944835790972,Slc12a6
111,-0.936211099616205,2.2916079353223,21.3682070695381,0.000129178296079346,0.0141944835790972,Epha7
112,0.294596886787148,7.15373915976537,21.2053376611105,0.000134887525160403,0.0146894923605485,Aprt
113,0.376801436150009,5.14296595303512,21.1454905308414,0.000137054228919266,0.0147266630753177,Hmbs
114,-0.636825722942287,4.59323115029995,25.1389295692963,0.000137643649306077,0.0147266630753177,Trp53inp1
115,-2.11435039419788,-0.02144303605768,21.019496279062,0.000141741137080642,0.0149380788106207,Igsf6
116,1.54283077743246,1.20168832613786,20.978996052229,0.000143284711009638,0.0149380788106207,Dnah7a
117,0.260195614552604,7.58980705486302,20.953614007427,0.000144261450772244,0.0149380788106207,Siva1
118,-0.267208720145495,6.9775198513567,20.9469629687768,0.000144518594707981,0.0149380788106207,Pcgf5
119,-0.269122510279199,7.78882220339952,20.843436040299,0.000148586452549231,0.0152294870734704,Git2
120,0.287106462268849,7.23504359849972,20.7926162209328,0.000150628966710676,0.0153101792247509,Eif3g
121,0.34466332447857,5.50314859704971,20.6841897850565,0.000155090131583898,0.0156333416109818,Gna15
122,0.244466292342121,9.78445884454723,20.6152208293402,0.000158002880783362,0.0157964027615956,Ran
123,0.7978837563145,3.50700447847823,22.1898142287272,0.000159380976244825,0.0158046322541312,Cish
124,0.24030360031552,7.81560777219665,20.5066052492663,0.000162711999657531,0.0159963344904422,Hspa9
125,-0.397010161366502,5.20911696404885,20.4789093781785,0.000163937182200974,0.0159963344904422,Ldhb
126,0.596786932574786,4.21718815876222,21.5702980920304,0.00016973974070875,0.0163762731394483,Sqle
127,-0.559747655153135,3.71909389881583,20.3118644809404,0.000171544006018416,0.0163762731394483,5830432E09Rik
128,0.338334369497318,5.65310161334585,20.3051250506836,0.000171858896601572,0.0163762731394483,Adrm1
129,1.26505103792236,4.08228586419317,36.7795312331131,0.000174835381611688,0.0165030960771666,H2-Aa
130,0.258317621674167,8.4382039023894,20.2199000441804,0.0001758959162115,0.0165030960771666,Ifitm2
131,-0.252135258654574,7.13664276874958,20.1527653033369,0.0001791490402476,0.0166800064419846,Gm20342
132,-0.438603175735198,4.71369984373135,20.1109236158183,0.000181209788988741,0.016744059062846,Smpdl3a
133,0.238551154633263,8.16795699714804,20.0154069455607,0.000186011877736398,0.0170585479154199,Pa2g4
134,0.35251142686227,6.90234632308447,21.9504076393485,0.000196900557847902,0.0179223589856034,Srm
135,0.399712250964426,4.85059286637563,19.7498864947726,0.000200107534402896,0.0179711336941486,Gbp3
136,0.275351248732853,7.9409165919896,19.7950456044365,0.000201293922830526,0.0179711336941486,Dctpp1
137,0.261554466094113,8.13774672790899,19.7050349995256,0.000202601877819521,0.0179711336941486,Tubb4b
138,0.236313773414797,7.61964461336305,19.6920555689633,0.000203330036057433,0.0179711336941486,Srpk1
139,0.240310353287107,7.5801300329039,19.6144676820121,0.00020774291687643,0.018229067317567,Npm3
140,-0.333933390761425,6.80587006218206,21.0252380098892,0.000210962426206055,0.0183793479459661,Car2
141,-0.319742118251948,5.81742732119823,19.5175030848707,0.000213405707599269,0.0184603504651651,Rel
142,-0.246967366607024,6.95082175379376,19.4746259164935,0.000215963399144289,0.0184721253401982,Cd53
143,0.30459793103179,6.16306215698443,19.4645251934148,0.000216570789837529,0.0184721253401982,Timm9
144,-0.517653929054981,3.82609624070375,19.3841136324818,0.000221473379742708,0.0186099730018681,Kantr
145,0.481944962819532,4.73340289477216,19.8183930417711,0.000221725135827431,0.0186099730018681,Tmem97
146,-0.290722594921939,5.91464165233553,19.3632638316038,0.000222764291077539,0.0186099730018681,Ccdc88a
147,0.24276325443296,8.36803638758596,19.2660427654134,0.000228893339924915,0.0189919188235659,Pkm
148,-0.473226159500966,7.65327154601558,28.0449019669712,0.000233352536464028,0.0191325431159162,St8sia4
149,-0.514542391837169,3.7902973680625,19.1913807061432,0.00023372541807588,0.0191325431159162,Akr1c13
150,0.593909397825136,3.64582113429106,19.1315840598391,0.00023767589627938,0.019326219379464,Cradd
151,0.23538972923407,8.64061861743438,19.0234191231044,0.000245008658781812,0.0197905338487534,Ppp1r14b
152,0.771245325815201,2.82504838497867,18.9534797872907,0.000249881547527181,0.0200513502315068,Rbks
153,-0.311263953701267,7.53894812842071,19.8904235104469,0.000253238559386384,0.0201879131296452,Hist1h3c
154,0.267527038093732,6.12643427524665,18.853258393095,0.000257050033902022,0.020358696516253,Adsl
155,0.590784446451662,3.94626763750197,19.2088320118639,0.000261415175921932,0.020570844520773,Myo10
156,-0.255736123332137,7.6946579234629,18.6452821019135,0.000272654322116556,0.0213177228644592,Serpinb1a
157,0.275844647091233,5.99097249214176,18.6144029671644,0.000275058227012021,0.0213686955086983,Thyn1
158,-1.00435565237612,2.93704198512937,21.8094948335353,0.000280363979938221,0.0215250444763785,Klrd1
159,0.223726964677722,8.55983784531706,18.5443232487419,0.000280600317434138,0.0215250444763785,Dut
160,0.237016809470978,7.73006810378445,18.4742505536421,0.000286264214308899,0.0218222788870353,Psmb5
161,0.265471166313935,7.45556298758118,18.4070179731522,0.000291816292974461,0.022107349847264,Nolc1
162,-0.343014115939459,5.99131659174415,19.4256751253585,0.000294307011304831,0.0221584112153396,Kdm5b
163,0.363138341784091,5.16524825853007,18.2618764368183,0.000304208079853841,0.0227633493863638,Bop1
164,0.282141809045439,6.19596122095844,18.2343856960665,0.000306619392302006,0.0228038824872413,Prpf31
165,0.489279445817383,4.09142282394632,18.1316595166041,0.000315816670656963,0.0232014568371191,Mnd1
166,-0.267782992237885,6.49587017038949,18.1250907963314,0.000316414963898831,0.0232014568371191,D16Ertd472e
167,0.32573060762937,5.48523540369963,18.1113357039446,0.000317671828465925,0.0232014568371191,Dnph1
168,0.323142776754889,6.04163547932719,18.4841643741349,0.000321571372061248,0.0233464644347086,Cdc20
169,-0.827029276159951,4.15643464626193,25.1902191980398,0.000337815451197831,0.0242943324329441,Hdac9
170,0.258487687692111,6.61772409551062,17.8905597465216,0.000338610848044642,0.0242943324329441,Lsm12
171,0.240607469788033,8.70199485294071,17.8168382392512,0.000345935447742309,0.024561409643361,Psma7
172,0.253567754063025,7.31526533234875,17.8011752745931,0.000347513865851841,0.024561409643361,Cyba
173,0.339832074412788,5.20416787491496,17.7735111747627,0.000350320970176928,0.024561409643361,Gemin5
174,0.245327868359266,7.53658565939977,17.7728512762815,0.000350388233003592,0.024561409643361,Mrpl18
175,-0.224731864125958,8.17257709011354,17.7039840430975,0.00035748610966304,0.0247794086720649,Lmo2
176,-1.18004636623812,1.86129046223178,18.6126491414073,0.000357561361505568,0.0247794086720649,Dach1
177,-0.254650473162176,6.67238524271735,17.667270002815,0.000361334258867423,0.0248994008779997,Stk4
178,-0.568687965062371,3.95088657903076,18.3571646172965,0.000363940845823843,0.0249381263849068,Klf7
179,0.306353101216406,5.6738482618098,17.5472837108055,0.000374230042917506,0.025358243519249,Lap3
180,-0.276622270199802,6.38051409456851,17.5036249368369,0.000379046634654742,0.025430417531722,Osbpl8
181,0.273400749670138,7.30130701088187,17.6442381983205,0.000379707021431004,0.025430417531722,Psme2
182,0.415532284647377,4.3720996632868,17.4811721595463,0.000381550086767658,0.025430417531722,Apoo
183,1.57234919796887,0.883637548681784,17.3525464191916,0.000396244975483158,0.02626630416287,Arhgdig
184,0.241776840581746,6.692611463691,17.3024785814524,0.000402131516095427,0.0263698822678276,Lta4h
185,0.24474196260587,7.23559109489097,17.2498958942024,0.000408416939924278,0.0266388311029755,Cycs
186,0.232793151018187,7.57071296414511,17.1829189004318,0.000416579162984526,0.026694487030558,Ndufb8
187,0.226421026839872,7.89765419883261,17.1660664156498,0.000418660907637009,0.026694487030558,Psma2
188,0.32163606757501,5.31593856883047,17.1625562478986,0.000419095940873408,0.026694487030558,Cdc6
189,0.223861822520606,9.03142066040407,17.1600105661899,0.000419411749869652,0.026694487030558,Txn1
190,-0.409897046432508,4.41951985802571,17.1535588898508,0.000420213290962297,0.026694487030558,Chm
191,0.226042158572238,8.15639583273746,17.0696140971738,0.000430796642708613,0.0272250085550101,Fbl
192,-0.543334962616823,6.40274662430558,27.0105809264055,0.000434590335139684,0.027305843805544,Mpeg1
193,0.231913543579568,7.80059316188864,17.0248967580817,0.000436553213255807,0.027305843805544,Cdca7
194,-1.47026436109279,0.694367916123661,16.9587631471679,0.000445221670545681,0.0277059628349269,S100a9
195,0.249506183229982,6.28481901742154,16.8428484502703,0.000460873233310804,0.0283681671783614,Nifk
196,0.22605970839688,7.25876262779384,16.8318747260228,0.000462385899267978,0.0283681671783614,Exosc5
197,0.24846644286035,6.39427513984024,16.8190150515861,0.000464165452224832,0.0283681671783614,Samm50
198,0.343748172059169,7.50445347367555,19.6507664055391,0.000465166306113985,0.0283681671783614,Bst2
199,0.216351193214907,9.61104292816954,16.7627134366082,0.000472045356643214,0.0286324517441934,Eif5a
200,0.214647707510603,9.98244073760242,16.7475334816367,0.000474194904675499,0.0286324517441934,Ybx1
201,-0.285513002870187,7.03644405406068,17.3070651774293,0.000476693657199563,0.0286415395904585,Klhl24
202,0.244325865879667,6.30716942931721,16.5791352854998,0.000498773177203545,0.0297768706824379,Ddx1
203,-0.67344931376512,2.92453796004332,16.5678323623475,0.000500472123464767,0.0297768706824379,Raph1
204,0.22033631736286,8.70317779062252,16.5128703876965,0.00050882428131791,0.0299342930736919,Prdx2
205,-0.428499545739978,7.05307794258948,22.3528666093708,0.000513065405406142,0.0299342930736919,Smad7
206,0.253215389601282,6.23988228017019,16.4571210118691,0.000517452243709086,0.0299342930736919,Atad3a
207,0.24221126047099,6.64014181061286,16.4474748973498,0.000518961299440603,0.0299342930736919,Psmc5
208,-0.367310743488693,5.19652298722963,16.4930686693016,0.000519376313749219,0.0299342930736919,Crebrf
209,-0.273473621042241,7.83407362818429,17.0715962850717,0.000519856684017601,0.0299342930736919,Itga4
210,0.20643182303248,9.25814045618005,16.4389585028064,0.000520297624958817,0.0299342930736919,Chchd2
211,0.235249335196273,7.85833662792598,16.4124479229924,0.000524481630095271,0.0300333447993992,Cct8
212,0.213353896099245,8.08811758341636,16.3638563619292,0.000532246505723453,0.0303355636930325,Mcm3
213,0.296723670660186,6.43366490355152,16.9363822769839,0.000540146012886185,0.0306358806888204,Uchl3
214,-0.428158450373866,4.08930517104646,16.2880850772964,0.00054460699813028,0.0306358806888204,Samd9l
215,0.394724419109554,4.27863267478097,16.2853988910196,0.000545050923134707,0.0306358806888204,Hk2
216,0.460400018972776,4.18007487780137,16.2390091103188,0.000552780236090394,0.0308769246593177,Igtp
217,0.324414624891944,5.190190154487,16.2293631738213,0.000554402435057028,0.0308769246593177,Trip13
218,-0.274513742452091,7.32300395154237,16.6051616236481,0.00056235403217585,0.0311774187747675,Adgrl4
219,-0.353669665528247,4.85595671758733,16.1169192834164,0.000573702070208484,0.0315782274093842,Sla
220,0.2290739857642,7.49634663450099,16.1108669778071,0.000574761538483504,0.0315782274093842,Eif3b
221,1.43605147999268,4.85115414345806,41.0463787577677,0.000598860010091628,0.032754688534025,Mycn
222,0.207041635672594,8.35724062599131,15.9316477720099,0.000607126101818155,0.032945147587052,Cdk4
223,0.234771425246896,7.02116961423762,15.9283266511998,0.000607744380346536,0.032945147587052,Pfdn6
224,-0.656956742778549,3.31818846432959,16.1896740241126,0.000620504679419942,0.0334511029625019,Filip1l
225,0.275994108149687,5.69024343668191,15.8498164656988,0.000622562955848809,0.0334511029625019,Isoc1
226,0.303280118985154,5.46757657463205,15.745744656058,0.000642819457434773,0.0341414875415415,Xpo4
227,0.239485979734915,6.52244792404051,15.7281464634211,0.000646315573724161,0.0341414875415415,Bax
228,-0.28456588776149,5.56463633484156,15.7249638678525,0.000646950059653078,0.0341414875415415,Wbp2
229,0.223701953778427,7.202419853488,15.7119746376513,0.00064954669026607,0.0341414875415415,Wdr43
230,-1.28294580106137,1.2804958743662,15.9226415116836,0.000655042135778198,0.0341414875415415,A430105I19Rik
231,0.219796949270985,8.05782720774302,15.6675536573868,0.000658513358473431,0.0341414875415415,Ybx3
232,0.249753057559688,6.29977821994152,15.6645639848205,0.000659121694274936,0.0341414875415415,Kars
233,1.54818798683955,0.775703936972302,15.657290177437,0.000660604333836501,0.0341414875415415,Cox4i2
234,-0.394155552861988,4.47997952036153,15.5433865080844,0.000684304479602519,0.0352171381338056,Inafm2
235,0.317195830335445,5.96275857437552,16.1874136997361,0.000693952816337583,0.0355636239532332,Gars
236,0.233261859049921,6.92182603104629,15.4481163838684,0.000704843525235996,0.035920421499725,Immt
237,-0.278817326051938,6.3933544568225,15.6677373772378,0.000720539138860742,0.0364105522027047,Pecam1
238,-0.915218542167732,1.86211629968154,15.3689730262624,0.0007224197452697,0.0364105522027047,Etv1
239,0.217328938339563,8.62159707848271,15.3128543707223,0.000735173382729778,0.0369008631652473,Prdx1
240,-0.266952675303802,6.75182390599921,15.5071174070206,0.000740438837678303,0.0370128381277142,Inpp5d
241,0.231346177329568,8.26204511759056,15.2685918750964,0.000745406583815947,0.0371090779706249,Nop56
242,0.23025362363015,7.14222078118664,15.2542488901797,0.000748755982026545,0.0371242955803974,Lsm2
243,-0.219485277259936,7.05421147896223,15.2329587601812,0.000753758127855351,0.0372210035848248,Mgat1
244,-0.433056423228031,5.48602270756079,17.8720517103093,0.000770132578607162,0.0376457226752196,Dhrs3
245,0.268662147375981,5.81025604367824,15.1581851631088,0.000771618485595219,0.0376457226752196,Nans
246,0.243690809217679,6.241743043303,15.1264247004643,0.000779344611396834,0.0378711801801083,Ppan
247,-0.21228085649303,9.41620452450155,15.046583377441,0.000799143949222457,0.0386792013835965,mt-Nd3
248,0.232220834669862,6.34790178992015,15.0077253512856,0.000808978930374113,0.0388912553095492,Eif4e2
249,0.238818431958662,7.860200096084,15.0041035627242,0.000809902340626833,0.0388912553095492,Spcs2
250,-0.245965323435656,6.93473017219332,14.9653200960949,0.000819863285279184,0.0391958537967995,Arhgap15
251,-1.65823426563924,0.167560726779362,14.9391184030296,0.000826668734564865,0.0391958537967995,Slc16a12
252,0.220728988178501,6.57228731129671,14.9313843545174,0.000828689336691808,0.0391958537967995,Mrpl21
253,0.213477728511616,7.08029334014657,14.9030796053743,0.000836130524658459,0.0391958537967995,Sumo3
254,0.274670700605116,7.64944558432896,15.7560496420127,0.000836179018551457,0.0391958537967995,Dbi
255,-0.275427465590701,6.65611709952908,15.3773836423691,0.000838868867260946,0.0391958537967995,Ripor2
256,-0.291232746695197,5.7948670886577,14.9293558290822,0.000839877811300371,0.0391958537967995,Igf1r
257,0.217850196428522,8.37035984810579,14.8811199164472,0.000841954062044886,0.0391958537967995,Cct5
258,0.296534958842995,5.53662100498728,14.8526899962208,0.000849559564670222,0.0393995361607707,Tsfm
259,0.22742573534844,7.67206683984852,14.7690912777851,0.000872363253720233,0.039935092440787,Psmb3
260,-0.373850513118821,4.61753095315532,14.762752431763,0.000874119495480255,0.039935092440787,Ms4a6c
261,0.253100170984352,8.79523009842253,15.6011274783039,0.000874204286438479,0.039935092440787,Hspd1
262,-0.343275148187708,5.07157286657993,14.7437167451553,0.000879416854907856,0.0400233111168325,Ikzf2
263,0.284124793381136,6.16238494532918,14.9535450541726,0.000895673249462746,0.0406116231364205,Mrps7
264,0.21487842924196,6.97766304379189,14.6572526716843,0.000903925425548863,0.0406851947532018,Gtf3a
265,0.228290972816822,6.96436454443293,14.6570939706521,0.000903971092442565,0.0406851947532018,Eif6
266,0.389014408455367,4.55118421037903,14.6455390983671,0.000907302859135106,0.0406851947532018,Cenpv
267,0.22164856665992,7.26423261389493,14.5930353178037,0.000922612398102021,0.0411352235112267,Fkbp1a
268,-0.836961303851251,2.18917199706445,14.5880392190693,0.000924083892930731,0.0411352235112267,Dok3
269,0.210808545930669,8.116882270054,14.5454187436461,0.00093674192459092,0.0414074713313933,Gnl3
270,0.233249150690854,6.66368768599083,14.5445911282291,0.000936989594774498,0.0414074713313933,Naa10
271,0.370374353133264,4.38606530696913,14.4866666166809,0.0009545035338437,0.0420291682393199,2310061I04Rik
272,-0.458415136541767,3.91515943059367,14.4237960202808,0.000973919995477236,0.0426917519375392,Ino80dos
273,-0.221619494152422,7.36688492732528,14.4153809875463,0.000976551511894191,0.0426917519375392,Clec12a
274,0.234712759829056,6.22040970169934,14.3990572896232,0.000981678444775529,0.0426927496466323,Polr3k
275,0.226012799195667,7.83577652363532,14.3851356458216,0.000986074256462938,0.0426927496466323,Nhp2
276,0.434338908827082,4.07854039211327,14.3757600126215,0.000989046803498164,0.0426927496466323,Sla2
277,0.290535643029966,5.99802020757056,14.6828957012008,0.000993015108126891,0.0426927496466323,Las1l
278,0.226950723084765,7.62198156410254,14.3599687135892,0.000994075666118191,0.0426927496466323,Psmb2
279,0.319146575431815,5.2929638793236,14.2974344345263,0.00101426723097747,0.0431965610149511,Hmga1
280,0.440581504573358,4.02906188253959,14.297102728773,0.00101437552614993,0.0431965610149511,Rpp38
281,-0.320208513982276,5.09481209324675,14.2714338081135,0.00102279447099594,0.0431965610149511,Prr13
282,-0.357077118512231,4.8541312496747,14.2698558766419,0.00102331449728834,0.0431965610149511,Cytip
283,1.25624362517656,2.23813213600775,16.6873452467601,0.00102351448170213,0.0431965610149511,Gimap4
284,0.200422054894136,8.31386792334755,14.2437529199191,0.00103195922766103,0.0434027817233847,Snrpd1
285,-0.387298276140864,4.32769657403032,14.1938257325185,0.00104871787842471,0.0438198455380126,Cd1d1
286,0.379362422668433,4.28929276302669,14.1795772296493,0.00105355510968282,0.0438198455380126,Dhodh
287,0.366591167847053,4.65851190356115,14.1669835015401,0.0010578509278489,0.0438198455380126,Rnf157
288,-0.690726840586523,2.56888837134147,14.1660734882053,0.00105816208347997,0.0438198455380126,Stx3
289,-1.17164321343758,1.71493944837579,15.1359872385564,0.00106343152244419,0.0438198455380126,Blk
290,-0.299499622919173,5.74851421907952,14.3515926030192,0.00108003067942277,0.0443539871950152,Arhgef18
291,0.242085548010535,6.13331693193501,14.0528141228166,0.00109768298515768,0.0449276488925106,Idh3a
292,0.288973459003698,5.44304242910341,14.0301466835611,0.00110578534877992,0.045107906016952,Tmem238
293,0.520209292428703,3.31803999447824,13.9920554419683,0.00111954894149167,0.0455171281312465,Clu
294,0.201911758064645,8.85391683085754,13.9464390110507,0.00113627930926478,0.0458218021034512,Park7
295,0.218209102928054,6.38532263747117,13.9342181220921,0.00114080788581536,0.0458218021034512,Osgep
296,0.230289490860514,6.09089252560655,13.9333542289027,0.00114112875839181,0.0458218021034512,Prdx4
297,0.232175699571086,6.24508797408894,13.9184604290864,0.00114667629336981,0.0458218021034512,Ppil1
298,0.533408025807229,4.98451886046926,17.1773567816749,0.00114824210009393,0.0458218021034512,Fdps
299,0.246571327871567,6.25507695347096,13.9106864659893,0.00114958362250193,0.0458218021034512,Ftsj3
300,0.217825562096198,7.13454381313605,13.8945004863463,0.001155662868321,0.0458558989465253,Larp1
301,0.209327109313815,6.84058529133837,13.8884132799285,0.00115795825822168,0.0458558989465253,Usp7
302,0.21284400111111,7.31736444962821,13.8314386463647,0.00117968650707646,0.046429795306675,Magoh
303,0.204254242433626,7.29469888152271,13.8153543860928,0.00118590114542213,0.046429795306675,Tcerg1
304,0.238992440263373,6.57472374196446,13.803308049869,0.00119057912084569,0.046429795306675,Psmd13
305,-0.237934811424828,6.6936957935686,13.7974298394092,0.00119286915942959,0.046429795306675,Stap1
306,0.285114886128614,5.23888390421543,13.7918818350912,0.00119503498718489,0.046429795306675,Dctd
307,-0.478843832376606,3.47901252816237,13.7904399361767,0.00119559858080945,0.046429795306675,Crem
308,0.230553747471613,6.57303585847978,13.7807743563394,0.00119938409004271,0.046429795306675,Psmd6
309,1.48801853961897,7.90459273812127,55.1890434629948,0.0012029036088308,0.046429795306675,Ifitm1
310,0.216997930395549,6.90857170256873,13.7548938480196,0.00120958501572513,0.0465404051634052,Incenp
311,-0.243375907154744,6.04086418002886,13.6335890340222,0.001258682911293,0.0482772184561027,Ifngr1
312,0.250533703917585,6.30221748043334,13.5839422975576,0.00127940411762054,0.0487913455140782,Ckap4
313,0.203261895475073,8.41273926378251,13.5823193598663,0.00128008777277241,0.0487913455140782,Atp5d
314,0.20431512225084,7.54128345826596,13.4582221133565,0.001333569099891,0.0505483391655178,Glrx3
315,0.304113605444594,5.87291640041933,14.05881979109,0.0013344728385092,0.0505483391655178,Ppih
316,0.256161753426397,5.89930784527256,13.4361271796322,0.00134334577540676,0.050655246160307,Phb
317,0.213066046952316,7.94951949007008,13.4310546831165,0.001345601357378,0.050655246160307,Psma3
318,0.246918026092861,5.89424767636479,13.4187306194229,0.00135109881232108,0.0507056991196312,Mri1
319,0.334360577840908,4.73884096482943,13.4090674005277,0.00135542656268935,0.0507120790954662,Ipo4
320,0.258238971742456,5.86030136691783,13.3317034481486,0.00139062789119839,0.0518026781844459,Rars
321,0.22174525902112,6.28222852705357,13.3264155293822,0.00139307029962271,0.0518026781844459,Stoml2
322,0.20854057625664,7.06766757522005,13.2976343012668,0.00140644668066444,0.0521171903195552,Ndufv2
323,0.231214500051004,7.25791770379187,13.2898812896071,0.00141007401864829,0.0521171903195552,Mrpl12
324,0.206627653307931,6.68849102780629,13.2471079836284,0.00143027140398749,0.0527039888653638,Mrpl28
325,0.229607953784157,6.2141649762059,13.2145077352393,0.00144587823303851,0.0527393506004213,Ppat
326,0.43535876003294,4.22452965724755,13.3087429226462,0.00144698275731912,0.0527393506004213,Guca1a
327,0.207264561536828,8.06633678477181,13.1954987487082,0.00145506463138898,0.0527393506004213,U2af1
328,0.246273574749824,5.92018889210322,13.1810908224248,0.00146207015120914,0.0527393506004213,Thoc3
329,0.697025771025585,2.46651097807004,13.1803663486087,0.00146242338552441,0.0527393506004213,Pcbp4
330,0.241218901880963,6.24108409802989,13.1648396742139,0.00147001633160079,0.0527393506004213,AU020206
331,0.341302843620546,8.51459702547776,16.9456842258374,0.00147931657754153,0.0527393506004213,Ctr9
332,0.287629667287516,5.30333095548667,13.1455493452941,0.00147951010788276,0.0527393506004213,Aldh9a1
333,-0.221477045626454,6.56753280385581,13.1402354794664,0.00148213714048894,0.0527393506004213,Arhgap45
334,0.360365232373414,4.42708957323327,13.1382529207718,0.00148311857472694,0.0527393506004213,Slc16a1
335,0.215745146827312,6.25757965817253,13.1270093745995,0.00148869801880335,0.0527838655097222,Mtch2
336,-0.384453954722932,3.97430717502128,13.1091028912524,0.00149763144723753,0.0529466978607425,Snhg9
337,0.297408630529449,5.34924540664138,13.0676296086452,0.00151854890222117,0.0534934932859546,Ydjc
338,0.211559055702002,7.64618861236899,13.0611035190821,0.00152186949005708,0.0534934932859546,Mdh2
339,-0.515159796976303,3.19819455269628,12.9954168607667,0.00155573926233059,0.0545268729386384,Dyrk1b
340,0.297874482472792,5.21258608878965,12.9639140275133,0.0015722756819438,0.0547392010781052,Pfas
341,0.243800364254465,5.94796978786151,12.9609097831427,0.00157386271039791,0.0547392010781052,Fasn
342,-0.495105984221065,3.34515455674571,12.9582653946177,0.00157526109522136,0.0547392010781052,Rbm41
343,0.231213146453111,5.78895087138823,12.9310512323521,0.00158973175315784,0.0550232821129773,Cyb5b
344,-1.71540277303672,-0.168499618454665,12.9259532852741,0.00159245868540469,0.0550232821129773,Trat1
345,-1.12842910140084,2.57518363239221,16.5856985271155,0.00159913761963352,0.0550979704708192,Gm30948
346,0.210981565701673,8.08727857245987,12.8822768106705,0.00161603306677483,0.0555232544097256,Atp5g3
347,0.293284457685474,5.38645323299771,12.8653539695841,0.00162526988427972,0.0556678664662561,Pola2
348,0.20876944131174,6.64135958409625,12.857875543967,0.00162937019992239,0.0556678664662561,Prpf19
349,-0.405731509897214,3.82330165925315,12.8374101702439,0.00164064923014083,0.0558966443017532,Gm7694
350,0.221826303681967,6.19136265355511,12.7983507829771,0.00166241450147611,0.0561579119890175,Psmd3
351,0.248581969822823,5.63889757852458,12.7878112681585,0.00166834163938899,0.0561579119890175,Prpf38a
352,-0.214358490808751,6.9385192507111,12.7824560226486,0.00167136216699556,0.0561579119890175,Clec2d
353,0.22783829836901,6.59442585083237,12.7806647124443,0.00167237386159484,0.0561579119890175,Txndc17
354,-0.225387042691973,6.98434427021655,12.7771073321547,0.00167438498884924,0.0561579119890175,Ssbp2
355,-0.648403452396819,3.38120585011849,13.705258569366,0.00167700218935973,0.0561579119890175,Tnip3
356,-0.272467875686029,6.0891935033504,13.1640195336728,0.00168156062435854,0.0561579119890175,Sun2
357,0.350358375699558,4.49079766080159,12.7572571240996,0.00168565593195066,0.0561579119890175,Mecr
358,-0.385792386149003,4.17971761074349,12.7500722882016,0.00168975598097642,0.0561579119890175,A430078G23Rik
359,0.266082675385578,5.71694160508431,12.7126912896938,0.00171126492764954,0.0567182019634279,Pelp1
360,0.429673436581983,3.78662145027182,12.673471779944,0.00173415524408102,0.0569972608514908,Fam43a
361,-1.27528867986294,0.521420168798755,12.6571657685409,0.00174377090989767,0.0569972608514908,Rasl12
362,-0.496859761875875,3.50539603907233,12.6524775048433,0.00174654640231039,0.0569972608514908,Ppm1l
363,0.207764683736694,7.78546306886229,12.6504927639387,0.00174772284647516,0.0569972608514908,Gspt1
364,-0.368373473775692,5.22085138325302,13.4390768598366,0.00175581874364617,0.0571085899100064,Cd33
365,0.331781100285143,4.69211653441741,12.6011050679034,0.00177727904941744,0.0575933945164573,Utp4
366,0.27927323284176,5.21673472975037,12.5963260457754,0.00178016805220172,0.0575933945164573,Nup37
367,0.244165735680312,7.71532429326578,13.0363639422131,0.0017946084671845,0.0576436992957508,Vim
368,-0.236631184828373,6.61796423766051,12.5894385520003,0.00180254098947817,0.0576436992957508,Retreg1
369,-0.266294155786754,5.5593332202772,12.5517154735754,0.00180738594828674,0.0576436992957508,Lbh
370,0.351917664448777,4.44482627957053,12.530598209862,0.00182042907851611,0.0576436992957508,Got1
371,0.240957133490651,5.90561565680933,12.5254185329112,0.00182364407517764,0.0576436992957508,Kdelr2
372,0.237328524410147,5.61259259809759,12.5130535321804,0.00183134418966158,0.0576436992957508,Gemin7
373,0.240519758742469,5.64107797721343,12.5126494675756,0.00183159641614854,0.0576436992957508,Ptrh2
374,0.256336572468804,5.78552064756255,12.508544574801,0.00183416094787094,0.0576436992957508,Abcf2
375,0.411407992471984,3.89288743770269,12.4990467034516,0.00184010986708377,0.0576436992957508,Pusl1
376,0.232812826727033,6.64735740269325,12.4861727557252,0.00184820720342323,0.0576436992957508,Ahsa1
377,0.216454940992355,7.51654151803062,12.4768883949684,0.00185407106888796,0.0576436992957508,Pdia6
378,-0.728596306960457,2.06503878485484,12.4653213203316,0.00186140525273986,0.0576436992957508,Gm26520
379,0.21420175637491,6.58003270053571,12.4541461462158,0.00186852120717935,0.0576436992957508,Nars
380,-0.245106045565114,5.58538824610722,12.4452678931983,0.00187419585194736,0.0576436992957508,Birc2
381,-0.536650949417502,3.48557513248433,12.5954055383034,0.00187939929602016,0.0576436992957508,Zfp831
382,0.203878577345914,7.60601451451153,12.43682843384,0.00187960757983897,0.0576436992957508,Rsl1d1
383,0.234190092437595,6.04307410788173,12.4347078182789,0.0018809701008206,0.0576436992957508,Shmt2
384,0.262243921204335,5.57677929526668,12.3951790044823,0.00190656734614652,0.058200390317607,Eci1
385,0.349700825263591,4.85785954174696,12.3799316560193,0.00191654290614008,0.0582944484443655,Sigmar1
386,0.406596342394239,3.81155876739743,12.3549729453779,0.00193299601019401,0.0585481100885159,Slc5a3
387,-0.622689729504779,2.52653160636846,12.3441238483824,0.00194019617531049,0.0585481100885159,Etv5
388,0.206410763705929,7.59440502294256,12.3381620661078,0.00194416533329865,0.0585481100885159,Psma6
389,-0.815519781390671,1.98939373741356,12.3314032147666,0.00194867593919195,0.0585481100885159,Slc46a2
390,0.230927164434676,5.98786777237195,12.3239222655715,0.00195368184697255,0.0585481100885159,Psme3
391,-0.214360881189331,7.72666299893265,12.3207468059756,0.00195581098572501,0.0585481100885159,Mpo
392,-0.293640284272483,5.11395071145104,12.3167656164377,0.00195848396459084,0.0585481100885159,Wbp1
393,-1.03165284653932,1.10067705778085,12.3051369948643,0.00196631443924188,0.0585489782282503,P2ry12
394,0.212702318521281,6.25692447928467,12.2936826738808,0.00197406116085681,0.0585489782282503,Emc8
395,-0.303208797635889,5.05504287525054,12.2890130195135,0.00197722892487634,0.0585489782282503,P2rx4
396,0.208705750302364,6.71330471644831,12.2813169992761,0.00198246187752908,0.0585489782282503,Nsun2
397,0.281432797256952,5.12290298551787,12.2812398838885,0.00198251438946195,0.0585489782282503,Nit2
398,0.261222558800044,5.44099284322583,12.2552218393437,0.0020003189395149,0.0589321017035343,Pycrl
399,0.301408037765797,4.78951387795342,12.2445415116412,0.00200767841719953,0.0589857155993932,Enkd1
400,0.293129009021064,5.12288552664697,12.2319646288149,0.0020163828927732,0.0589857155993932,Bad
401,0.327530455692254,4.44057000067276,12.2138343879236,0.0020290038638516,0.0592051677688947,Pmvk
402,0.201462418574969,6.76180078792488,12.2050916885988,0.00203512088111002,0.0592419317109761,Got2
403,0.203449000373989,8.66459686748113,12.1761920731863,0.00205548566068582,0.0595445602399802,Atp5g1
404,0.242414922501495,6.03067955207913,12.1750451097454,0.00205629849844383,0.0595445602399802,Hmgcr
405,0.308765059565756,4.8474737111144,12.1651003275811,0.00206336104962433,0.0595445602399802,Gmds
406,0.349534956682054,4.26981142343282,12.1596919015897,0.00206721316584708,0.0595445602399802,Pop1
407,0.222359950536355,7.41698971523221,12.1770901449771,0.00207486813657271,0.0595445602399802,Uqcc2
408,0.875136038134498,1.97355259080548,12.1399254679982,0.00208135899681373,0.0595445602399802,Selenom
409,0.236883314964175,6.57198358250528,12.1635132740896,0.00208457220812261,0.0595445602399802,Hsd17b10
410,0.23192681863236,6.15524432412915,12.0610498376738,0.00213887406870928,0.0608108322052379,Rfc5
411,0.213233854163249,6.62454561837165,12.0195093418674,0.00216986478877546,0.061548467043475,Glrx5
412,-0.27259547050454,5.52330596909444,12.0060404511861,0.00218001867954075,0.0616930112166091,Smim27
413,-0.247551875570899,6.61732641730864,12.3086668373229,0.00220274453818849,0.0621918405839931,mt-Atp8
414,0.20327906170502,7.80094705823374,11.9230743613591,0.00224372741360884,0.0630570121285415,Psma4
415,-0.411663193545781,4.41405155261647,12.3276117716525,0.00226206804065002,0.0631461688780241,Rnf150
416,0.221870819763518,7.5622473057256,11.9768548921528,0.00226428133836341,0.0631461688780241,Polr2f
417,-0.500432495048578,3.52027499877555,11.9109924484042,0.00227226943206758,0.0631461688780241,Gm47754
418,0.236140449887399,5.8805810126584,11.8860876622125,0.00227278577826126,0.0631461688780241,Keap1
419,0.218351008226279,7.02911891290241,11.8242656196857,0.00232228317054836,0.0642115927874287,Uhrf1
420,0.201429931357307,6.65209384871147,11.8185403658549,0.00232692662228774,0.0642115927874287,Psmd1
421,-0.290315584505589,4.95067665217773,11.8070128869325,0.00233630692558624,0.0642843780900935,Bach1
422,-0.207845347788367,8.09034240446615,11.7867899156106,0.00235286356806089,0.0644401791131937,Ifi203
423,-0.263593680857709,5.41143479937457,11.7825594420169,0.00235634335365126,0.0644401791131937,Icam2
424,-0.344492051192093,5.2065605147302,12.2996578811816,0.00236879739310488,0.0644915665261167,Plcb2
425,-0.341494049214204,4.18654814952457,11.7385660498293,0.0023928672322994,0.0650017853727301,Letm2
426,0.470312661301084,3.50089922165871,11.7128865035019,0.00241447389522779,0.0654327607162785,Bcl2l1
427,-0.584107189515534,3.51861260813952,12.5028373173177,0.00241946175969842,0.0654327607162785,Ifi209
428,-0.364556015878127,4.09721408741117,11.6821725189182,0.00244059845733642,0.0658583614693192,Fam214a
429,0.766296976646206,2.03153842139965,11.6751700876958,0.00244659792807132,0.0658745141913597,Bicdl1
430,-0.32495734429652,4.3497047353227,11.6217261594112,0.00249292444872263,0.0669698886152307,Ahdc1
431,0.205908560101995,6.25452632116158,11.5899036173351,0.00252096627766828,0.0674303194928071,Mrps28
432,0.219512206317436,6.3585650544207,11.5820269657111,0.00252796052415746,0.067431329958299,Sgk3
433,0.224572709251832,6.15685197553681,11.5722621858268,0.00253666099335652,0.067431329958299,Yif1b
434,-0.20294929297173,6.99489887885163,11.5712221495627,0.0025375896081708,0.067431329958299,Znrf1
435,0.211264636819342,7.87616004944221,11.5653807560773,0.00256587450495967,0.0680347202978112,Fkbp4
436,1.21615355585987,1.49790202472254,12.0547347899357,0.00257305048713762,0.0680769995479772,Sh2d2a
437,-0.205377357043585,6.91187902388712,11.5209002861788,0.0025829697835642,0.0681915204548323,Atf7ip
438,0.238251313404899,6.55212551099056,11.6823498156315,0.00259326293601852,0.0683153953145094,Ndufb6
439,0.306677273204936,4.61036783143001,11.4372398282668,0.00266040124949501,0.0698771768424688,Aldh7a1
440,0.29290292557955,5.33126579129159,11.4334099799287,0.00266400649600295,0.0698771768424688,Chchd6
441,-0.206692807965104,6.43584319052537,11.3977322060205,0.0026978511366747,0.0703479485990663,2810474O19Rik
442,-0.441679574983362,3.51016361237875,11.3754331964626,0.0027192442409698,0.0705672808661885,Rmdn1
443,-0.358712650510955,4.42523634619624,11.3413069103678,0.0027523460352417,0.0711236537962776,Map3k5
444,0.766113317661992,2.8079466053296,12.0665263338017,0.0027750025076786,0.0715575170954671,Sema4a
445,0.209492332663257,6.65926576916402,11.2636805531777,0.00282930381679987,0.0727312334853703,Sdhd
446,0.286067155005423,5.12927879462481,11.254650701826,0.00283840839050884,0.0727312334853703,Tmem205
447,-0.366694887948242,3.97204550034804,11.2443387430473,0.00284884509022972,0.072845625923547,Fmnl3
448,-0.977431757542843,1.19874131808072,11.2290604830929,0.00286438580092927,0.0728625615273029,C1rl
449,1.28133766553107,1.00788274987468,11.2260795058414,0.00286742883767364,0.0728625615273029,Ptprf
450,-0.983730196092672,1.82504660282721,11.5691018394715,0.00297446230740463,0.0751128711457854,Siglech
451,0.208237024979799,6.30400960830545,11.0617539979032,0.00304080247009889,0.0764714798511262,Sod2
452,-0.234542040582139,5.70622408933457,11.0449615564433,0.00305915868455673,0.0767748116780626,Lrp10
453,-1.10339790903999,0.756260906428109,11.0213255999596,0.00308520247316991,0.076953404018923,Gm14302
454,-0.255388744149581,5.33167462719624,11.007898789242,0.00310010561019093,0.0771673227091812,Dstn
455,0.206801278081606,7.12863270579246,10.9975078201553,0.00311169344190131,0.0772980140750923,Sfxn1
456,0.244334267671991,5.58862470328779,10.9811798165671,0.00312999849414941,0.0774373055438951,Cops7a
457,0.225226466614482,6.12781225828226,10.9575880605322,0.00315665630398653,0.0777812867469165,Stt3b
458,-0.570211495107909,3.04473258366822,10.9745317207622,0.00317571103511013,0.0780830350023368,Abcb4
459,0.354911677333766,4.21584200855287,10.9325471043277,0.00318522509181765,0.0780830350023368,Comtd1
460,-0.208317625873355,6.49611450933102,10.9300340546216,0.00318810784874672,0.0780830350023368,Kmt2c
461,-0.311025963236122,4.45535940327351,10.9132804705154,0.0032073996156812,0.0782922431722264,Jkamp
462,0.26112081669708,5.43499827994189,10.9114737533689,0.0032094877089541,0.0782922431722264,Wdr75
463,-0.215393308809814,8.39249057805004,11.2065524619774,0.00326230824440657,0.0794219035070398,Flt3
464,0.211689233014306,5.88988147379273,10.8454038280122,0.00328688391995196,0.0794820106471119,Gins2
465,0.484453692737083,3.173536161075,10.8420700244112,0.00329084327103316,0.0794820106471119,Znrf3
466,-1.51082862970562,0.146377653189118,10.8298136717882,0.0033054445338393,0.0796768912633161,Ces2g
467,-0.474391016856801,3.35505362167157,10.8052488614377,0.0033349241338721,0.0799888016860344,Gm42031
468,0.215703688414651,7.91873205938636,10.9955356185851,0.00335169466631365,0.0799888016860344,Tcof1
469,0.721716683080639,3.79096733918591,13.6104262649321,0.00335260937907804,0.0799888016860344,Sapcd1
470,0.298415656456727,4.97241820475411,10.7889859906205,0.00335459983539754,0.0799888016860344,Ints11
471,-0.305948902685693,5.54333732448805,11.3876852620809,0.00335792868052416,0.0799888016860344,Pde4b
472,-0.855640624546731,1.45763549644977,10.7853459417481,0.00335902122971157,0.0799888016860344,Mmp15
473,-0.407593837462916,3.60320777738123,10.775634293514,0.00337084890273196,0.0799888016860344,Nipal3
474,0.237014715862678,5.92064181988974,10.715329709774,0.00344532631300856,0.081314894657533,Snx2
475,-0.464255052646674,3.2117299576936,10.7088789980553,0.00345339964192851,0.081314894657533,Fgfbp3
476,-0.589313900896549,2.75392193342654,10.650089078994,0.00352794431426836,0.08291009017559,Tmem35b
477,0.766284348177698,4.44357720277216,16.1409480058907,0.00354418874048038,0.0831316732069984,Thg1l
478,-0.289745850727428,5.08249081277731,10.6098846290314,0.00357994159280841,0.083497730558178,Spopl
479,-1.14394070995418,0.62504946228826,10.6095849688981,0.00358033230154358,0.083497730558178,Ccl6
480,-0.475538463546976,3.60301870257842,10.7329269055777,0.00359359541074571,0.0836471053909645,B4galt6
481,-0.53572654181667,2.87578718634264,10.571746110902,0.00363004716639163,0.084250346732236,Plekhg5
482,-1.3722306577784,0.165535673824746,10.5346167297362,0.00367956914202102,0.0845192181266109,Slc24a2
483,-0.212821727797943,6.04309232997485,10.5132663787987,0.00370838186391313,0.0850209278085498,Hnrnph3
484,-0.200610583126715,6.76316762295271,10.4880788511644,0.00374269256341501,0.0856465688479791,Stk26
485,0.204458526420593,6.13898826926728,10.4654386937059,0.0037738314932991,0.0861974208310282,Trap1
486,1.2314695676596,0.91009929437401,10.427840994368,0.00382617456812903,0.0869779437965206,Tesc
487,-0.631730936437419,2.30712751582788,10.4255448299046,0.00382939704999029,0.0869779437965206,Patj
488,-0.478778575037782,3.39159136773205,10.3748394769601,0.0039013246925849,0.0884189595982989,AL590144.2
489,0.942027960408323,1.37044946945012,10.3674970696896,0.00391186289126042,0.0884189595982989,Adora2b
490,-0.327653354944084,5.25637190491502,10.9046177267357,0.00394145237284393,0.0888611729973705,Alcam
491,0.235407024467799,5.9542990656663,10.3401173483141,0.00398206097590477,0.0896110659097978,Ppfia1
492,-0.330143135180977,4.4556583242375,10.3053484076488,0.00400232731510703,0.089901263834918,Rab5b
493,0.249731704015812,6.04328359452969,10.570531260545,0.0040329222590593,0.0902560601720115,Chchd4
494,-0.311810730610067,4.67395828428836,10.2751029395413,0.00404718404220175,0.0903528681084104,Tmem243
495,0.200191459382922,6.68551550071546,10.2718351283237,0.00405206352835128,0.0903528681084104,Ebna1bp2
496,0.516134080678009,3.29748607314388,10.2646998743713,0.00406274039173801,0.0904256287555264,Slc52a2
497,0.935506153981777,1.37478706918638,10.2422049879835,0.00409660393037337,0.0909514509496572,Dubr
498,-0.230991860132119,5.61790464826548,10.2391156234557,0.00410127884088804,0.0909514509496572,Gtpbp2
499,0.30685848520437,4.84972315969384,10.215157187995,0.00413773341533555,0.0913326501969478,Gstp1
500,0.212130687359389,6.20235553812873,10.1795938371545,0.00419250522621126,0.0918787099728763,Arl1
501,-0.226603660051101,5.81877477160756,10.1775772477717,0.0041956348416558,0.0918787099728763,Dgkd
502,0.209926001178062,6.14853070345635,10.1760175269161,0.00419805719088889,0.0918787099728763,Mrps18a
503,0.222951101746108,5.75312992376896,10.1726098239083,0.00420335493685865,0.0918787099728763,Mthfd1
504,-0.362255465007751,3.96345439676261,10.1652794483905,0.00421477598427219,0.0919635468339318,Cep95
505,0.229969543186237,6.97580661123844,10.5050628434245,0.00424479767729648,0.0922236611960842,Mrpl42
506,0.221966562793829,6.58199219405598,10.2711053411598,0.00424938079791747,0.0922236611960842,Syce2
507,0.210144941358034,5.75647569389724,10.1101927481719,0.00430170471898753,0.0929839647968903,E2f3
508,-0.47444997616511,3.9135707931351,10.7588986445141,0.00431440757353408,0.0929839647968903,Cd96
509,-0.695746289722312,2.09560853905543,10.0979517563372,0.00432128834635149,0.0929839647968903,E130102H24Rik
510,0.314642110198351,5.28241791626538,10.4970865858069,0.00433737967715432,0.0929839647968903,Rangrf
511,0.212961938712882,6.32521965026022,10.0874953004087,0.00433809476187276,0.0929839647968903,Mrps12
512,-0.774873901317903,1.6574669663057,10.0750064811132,0.00435826212957971,0.0929839647968903,Gm12258
513,-0.871707415390354,1.40093942989802,10.0712815268464,0.00436429728321175,0.0929839647968903,F13a1
514,-1.10407183811057,0.555396400002034,10.0627948110585,0.00437808181803169,0.0929839647968903,Cped1
515,0.274031010413297,10.5262212983879,12.7430766181403,0.00438396527093469,0.0929839647968903,Hsp90aa1
516,0.346880206382865,4.42444722605349,10.0547809201545,0.00439114238935876,0.0929839647968903,Slc35b1
517,-0.565906637741298,2.62665279303822,10.0448407481342,0.00440740194918773,0.0930143624216628,Gpr45
518,-0.219429630483645,6.33616509425093,10.0925851990958,0.00440782991553014,0.0930143624216628,Mgea5
519,-0.221478440405814,5.8983687886782,10.0206323358216,0.00444727872126975,0.0932471779564446,Rassf2
520,0.201905414967564,7.49091403321589,10.0382499804454,0.00445105337041884,0.0932471779564446,Snrpd3
521,-0.491920110347763,4.71073068453525,12.218408725215,0.00445451990646979,0.0932471779564446,Pkib
522,0.238914507641699,6.3743345413144,10.354449194754,0.00447403881561409,0.0932471779564446,Mrto4
523,-0.559271688453517,2.9622947567352,10.017896352449,0.00448592547126303,0.0932471779564446,Fzd6
524,-0.406128665173042,4.03771592641283,10.1350609841907,0.00449578275599687,0.0932471779564446,Dennd5b
525,-0.678450708421648,2.69766652625243,10.300498174327,0.00449586095421609,0.0932471779564446,St8sia1
526,-0.502677997853849,3.18110665870367,9.99025690097984,0.00449787706031533,0.0932471779564446,Trp53cor1
527,0.245052332111189,5.44727988528285,9.97829525641521,0.00451797605853602,0.0932471779564446,Prelid3b
528,0.245842540401632,5.2720033954763,9.97813326547341,0.00451824892779034,0.0932471779564446,Naf1
529,0.245797197420571,5.38680821911116,9.95068665929751,0.00456474511546155,0.0937745036874597,Gfer
530,-0.439100884774024,5.01114443012641,11.8938585757409,0.00456687383227631,0.0937745036874597,Dnah8
531,0.241683713399662,5.53820594117815,9.94493608691557,0.00457455355366389,0.0937745036874597,Prmt7
532,0.301079334516475,4.53557539996464,9.93425991576827,0.00459282492822137,0.0937768559705517,Akip1
533,-0.33823069320169,4.14424370374791,9.93409428575888,0.00459310902256837,0.0937768559705517,Ddit3
534,0.389582456915981,3.66561058090146,9.93139954345775,0.00459773385835779,0.0937768559705517,S100a6
535,-0.315586459345026,4.22828382593073,9.89985584636077,0.00465225366186687,0.0942520576301893,Gramd1b
536,-0.348990204233767,4.55316311508109,10.025632857053,0.00466234829129083,0.0942520576301893,Rab37
537,0.412129481518871,3.80315257501326,9.89177584968576,0.00466633334292417,0.0942520576301893,Stx2
538,0.40407575720335,3.65955340884366,9.89143492358319,0.00466692844985818,0.0942520576301893,Oas1a
539,-0.937194625484871,0.967914894229593,9.89116645817177,0.00466739713114982,0.0942520576301893,1700084E18Rik
540,0.223836436890835,5.8682835036768,9.88409597502126,0.00467975931493963,0.094253284470651,Bud31
541,0.212340238747512,6.48091781107995,9.89287485912441,0.00469836820186569,0.094253284470651,Mphosph10
542,0.288599758604107,5.31428362848905,9.97885903015733,0.00474276346743178,0.0947906714324445,Mrpl22
543,-0.830651575506123,1.33247192460578,9.83374837912973,0.00476883805586012,0.0950318035743511,Cd200r1
544,0.669021900060718,2.43485589557192,9.81139150661775,0.00480899100357651,0.0955297447404279,Mvd
545,0.212983264006128,6.12380008547716,9.80533223039905,0.00481993751234704,0.0955791212494144,Pbdc1
546,-1.27727683357272,0.300323160547298,9.76308347513891,0.00489703020657856,0.0965145957139188,Dmc1
547,-0.217224567627751,5.52235684222394,9.75687408852278,0.00490847474432742,0.0965623652525186,Mkrn1
548,0.292526215240565,4.81164304513587,9.75155164464105,0.00491830801281537,0.0966000045608841,3110082I17Rik
549,0.217165609328952,6.09050835750825,9.72699692602497,0.00496395501806187,0.0973398060374608,Pdcd11
550,1.57350084716392,-0.0359377372135099,9.7032331416441,0.00500857652846639,0.0979860199498997,Skap1
551,0.308604184471703,7.26398928834739,11.8133804127949,0.00503524114547893,0.0982637380022504,Erh
552,-0.319639128526214,4.90643130859967,9.81305978891328,0.00511734096536358,0.0993281920482951,Slc14a1
553,-0.870421868867922,1.34332929941451,9.6449199963931,0.00511995627749208,0.0993281920482951,Mdga1
554,0.406273500854302,3.5738111332395,9.64367664277466,0.00512236064592749,0.0993281920482951,Ticam2
555,-0.450493947602457,3.54038382032837,9.65268392901339,0.00514085213499809,0.0995285293501137,Fggy
556,1.20205099162707,0.706675950354264,9.6181803306746,0.00517194021881229,0.0997917147310844,Fbln1
557,0.219161993650577,5.58884258037428,9.60422949146318,0.00519929239871918,0.0997917147310844,Smyd2
558,-0.58560852095038,2.40048608972624,9.60185127547938,0.00520397104221808,0.0997917147310844,Ankrd13d
559,-1.45654298877853,-0.195202380215665,9.59906469196999,0.00520945896790555,0.0997917147310844,Apcdd1
560,0.320882913654778,4.33385366041597,9.59791866143864,0.00521171782271876,0.0997917147310844,Ndufaf1
