motif_id	motif_alt_id	sequence_name	start	stop	strand	score	p-value	q-value	matched_sequence
IKZF1_MOUSE.H11MO.0.C	IKZF1	5_31083376_31083526	6	13	+	12.1341	1.21e-05	0.216	TTGGGAGG
IKZF1_MOUSE.H11MO.0.C	IKZF1	16_92822066_92822654	3	10	-	12.1341	1.21e-05	0.216	TTGGGAGG
IKZF1_MOUSE.H11MO.0.C	IKZF1	5_148939962_148940435	11	18	+	12.1341	1.21e-05	0.216	ttgggagg
IKZF1_MOUSE.H11MO.0.C	IKZF1	9_45848449_45848639	6	13	-	12.1341	1.21e-05	0.216	TTGGGAGG
IKZF1_MOUSE.H11MO.0.C	IKZF1	10_117784641_117784964	6	13	-	12.1341	1.21e-05	0.216	TTGGGAGG
IKZF1_MOUSE.H11MO.0.C	IKZF1	2_35691768_35691988	9	16	-	12.1341	1.21e-05	0.216	TTGGGAGG
IKZF1_MOUSE.H11MO.0.C	IKZF1	10_59571276_59571640	9	16	-	12.1341	1.21e-05	0.216	TTGGGAGG
IKZF1_MOUSE.H11MO.0.C	IKZF1	11_45805463_45805647	19	26	+	12.1341	1.21e-05	0.216	TTGGGAGG
IKZF1_MOUSE.H11MO.0.C	IKZF1	2_157793100_157793531	22	29	+	12.1341	1.21e-05	0.216	TTGGGAGG
IKZF1_MOUSE.H11MO.0.C	IKZF1	4_59157338_59157536	22	29	+	12.1341	1.21e-05	0.216	TTGGGAGG
IKZF1_MOUSE.H11MO.0.C	IKZF1	10_8805422_8805598	20	27	-	12.1341	1.21e-05	0.216	TTGGGAGG
IKZF1_MOUSE.H11MO.0.C	IKZF1	2_11524818_11525064	21	28	-	12.1341	1.21e-05	0.216	TTGGGAGG
IKZF1_MOUSE.H11MO.0.C	IKZF1	16_38649081_38649304	22	29	-	12.1341	1.21e-05	0.216	TTGGGAGG
IKZF1_MOUSE.H11MO.0.C	IKZF1	11_117248792_117249147	29	36	+	12.1341	1.21e-05	0.216	TTGGGAGG
IKZF1_MOUSE.H11MO.0.C	IKZF1	10_79914395_79914673	28	35	-	12.1341	1.21e-05	0.216	TTGGGAGG
IKZF1_MOUSE.H11MO.0.C	IKZF1	8_122937476_122937882	29	36	-	12.1341	1.21e-05	0.216	TTGGGAGG
IKZF1_MOUSE.H11MO.0.C	IKZF1	19_34841815_34841990	37	44	+	12.1341	1.21e-05	0.216	ttgggagg
IKZF1_MOUSE.H11MO.0.C	IKZF1	9_90250426_90250726	33	40	-	12.1341	1.21e-05	0.216	TTGGGAGG
IKZF1_MOUSE.H11MO.0.C	IKZF1	7_132493692_132493952	36	43	-	12.1341	1.21e-05	0.216	TTGGGAGG
IKZF1_MOUSE.H11MO.0.C	IKZF1	11_61309855_61310249	39	46	-	12.1341	1.21e-05	0.216	TTGGGAGG
IKZF1_MOUSE.H11MO.0.C	IKZF1	13_38074045_38074337	43	50	-	12.1341	1.21e-05	0.216	TTGGGAGG
IKZF1_MOUSE.H11MO.0.C	IKZF1	5_3265034_3265293	54	61	+	12.1341	1.21e-05	0.216	TTGGGAGG
IKZF1_MOUSE.H11MO.0.C	IKZF1	15_73933370_73933556	55	62	+	12.1341	1.21e-05	0.216	TTGGGAGG
IKZF1_MOUSE.H11MO.0.C	IKZF1	17_32040315_32040564	48	55	-	12.1341	1.21e-05	0.216	TTGGGAGG
IKZF1_MOUSE.H11MO.0.C	IKZF1	14_63908558_63908898	60	67	-	12.1341	1.21e-05	0.216	TTGGGAGG
IKZF1_MOUSE.H11MO.0.C	IKZF1	4_40309756_40310050	62	69	-	12.1341	1.21e-05	0.216	TTGGGAGG
IKZF1_MOUSE.H11MO.0.C	IKZF1	11_99171003_99171238	62	69	-	12.1341	1.21e-05	0.216	TTGGGAGG
IKZF1_MOUSE.H11MO.0.C	IKZF1	17_65789017_65789244	65	72	-	12.1341	1.21e-05	0.216	TTGGGAGG
IKZF1_MOUSE.H11MO.0.C	IKZF1	5_67931638_67932069	70	77	-	12.1341	1.21e-05	0.216	TTGGGAGG
IKZF1_MOUSE.H11MO.0.C	IKZF1	12_105917446_105917773	79	86	-	12.1341	1.21e-05	0.216	TTGGGAGG
IKZF1_MOUSE.H11MO.0.C	IKZF1	14_62163068_62163345	79	86	-	12.1341	1.21e-05	0.216	TTGGGAGG
IKZF1_MOUSE.H11MO.0.C	IKZF1	12_111430487_111430840	79	86	-	12.1341	1.21e-05	0.216	TTGGGAGG
IKZF1_MOUSE.H11MO.0.C	IKZF1	4_114664043_114664442	93	100	+	12.1341	1.21e-05	0.216	TTGGGAGG
IKZF1_MOUSE.H11MO.0.C	IKZF1	12_77134417_77134771	86	93	-	12.1341	1.21e-05	0.216	TTGGGAGG
IKZF1_MOUSE.H11MO.0.C	IKZF1	5_139734847_139735063	93	100	-	12.1341	1.21e-05	0.216	TTGGGAGG
IKZF1_MOUSE.H11MO.0.C	IKZF1	13_51926814_51927251	101	108	+	12.1341	1.21e-05	0.216	TTGGGAGG
IKZF1_MOUSE.H11MO.0.C	IKZF1	17_88790739_88790972	95	102	-	12.1341	1.21e-05	0.216	TTGGGAGG
IKZF1_MOUSE.H11MO.0.C	IKZF1	2_168341425_168341744	97	104	-	12.1341	1.21e-05	0.216	TTGGGAGG
IKZF1_MOUSE.H11MO.0.C	IKZF1	11_53605788_53605969	112	119	+	12.1341	1.21e-05	0.216	TTGGGAGG
IKZF1_MOUSE.H11MO.0.C	IKZF1	14_54706614_54706940	142	149	+	12.1341	1.21e-05	0.216	TTGGGAGG
IKZF1_MOUSE.H11MO.0.C	IKZF1	8_16264046_16264450	148	155	+	12.1341	1.21e-05	0.216	TTGGGAGG
IKZF1_MOUSE.H11MO.0.C	IKZF1	16_89877605_89878323	144	151	-	12.1341	1.21e-05	0.216	TTGGGAGG
IKZF1_MOUSE.H11MO.0.C	IKZF1	10_127751633_127751902	151	158	-	12.1341	1.21e-05	0.216	TTGGGAGG
IKZF1_MOUSE.H11MO.0.C	IKZF1	13_52183809_52183999	161	168	+	12.1341	1.21e-05	0.216	TTGGGAGG
IKZF1_MOUSE.H11MO.0.C	IKZF1	6_51258146_51258633	157	164	-	12.1341	1.21e-05	0.216	TTGGGAGG
IKZF1_MOUSE.H11MO.0.C	IKZF1	14_54705710_54706303	166	173	+	12.1341	1.21e-05	0.216	TTGGGAGG
IKZF1_MOUSE.H11MO.0.C	IKZF1	11_82340946_82341193	167	174	+	12.1341	1.21e-05	0.216	ttgggagg
IKZF1_MOUSE.H11MO.0.C	IKZF1	4_149641853_149642032	172	179	+	12.1341	1.21e-05	0.216	TTGGGAGG
IKZF1_MOUSE.H11MO.0.C	IKZF1	1_177344039_177344279	166	173	-	12.1341	1.21e-05	0.216	TTGGGAGG
IKZF1_MOUSE.H11MO.0.C	IKZF1	9_69165183_69165765	167	174	-	12.1341	1.21e-05	0.216	TTGGGAGG
IKZF1_MOUSE.H11MO.0.C	IKZF1	16_12307359_12307872	181	188	+	12.1341	1.21e-05	0.216	TTGGGAGG
IKZF1_MOUSE.H11MO.0.C	IKZF1	1_76378206_76378456	190	197	+	12.1341	1.21e-05	0.216	ttgggagg
IKZF1_MOUSE.H11MO.0.C	IKZF1	13_107599160_107599378	184	191	-	12.1341	1.21e-05	0.216	TTGGGAGG
IKZF1_MOUSE.H11MO.0.C	IKZF1	11_68914596_68914906	193	200	+	12.1341	1.21e-05	0.216	ttgggagg
IKZF1_MOUSE.H11MO.0.C	IKZF1	12_21264302_21264895	187	194	-	12.1341	1.21e-05	0.216	TTGGGAGG
IKZF1_MOUSE.H11MO.0.C	IKZF1	17_48360418_48360804	199	206	+	12.1341	1.21e-05	0.216	TTGGGAGG
IKZF1_MOUSE.H11MO.0.C	IKZF1	11_79008392_79008739	202	209	+	12.1341	1.21e-05	0.216	TTGGGAGG
IKZF1_MOUSE.H11MO.0.C	IKZF1	11_70890725_70891015	211	218	+	12.1341	1.21e-05	0.216	ttgggagg
IKZF1_MOUSE.H11MO.0.C	IKZF1	1_165133318_165133646	224	231	-	12.1341	1.21e-05	0.216	TTGGGAGG
IKZF1_MOUSE.H11MO.0.C	IKZF1	11_31386563_31386928	240	247	+	12.1341	1.21e-05	0.216	TTGGGAGG
IKZF1_MOUSE.H11MO.0.C	IKZF1	8_72260976_72261429	246	253	+	12.1341	1.21e-05	0.216	ttGGGAGG
IKZF1_MOUSE.H11MO.0.C	IKZF1	10_117784641_117784964	241	248	-	12.1341	1.21e-05	0.216	TTGGGAGG
IKZF1_MOUSE.H11MO.0.C	IKZF1	4_133614483_133614759	246	253	-	12.1341	1.21e-05	0.216	TTGGGAGG
IKZF1_MOUSE.H11MO.0.C	IKZF1	17_15299782_15300234	247	254	-	12.1341	1.21e-05	0.216	TTGGGAGG
IKZF1_MOUSE.H11MO.0.C	IKZF1	14_32140529_32140878	257	264	+	12.1341	1.21e-05	0.216	ttgggagg
IKZF1_MOUSE.H11MO.0.C	IKZF1	10_84490187_84490492	261	268	-	12.1341	1.21e-05	0.216	TTGGGAGG
IKZF1_MOUSE.H11MO.0.C	IKZF1	13_81230200_81230494	279	286	-	12.1341	1.21e-05	0.216	TTGGGAGG
IKZF1_MOUSE.H11MO.0.C	IKZF1	15_89497680_89498141	289	296	+	12.1341	1.21e-05	0.216	TTGGGAGG
IKZF1_MOUSE.H11MO.0.C	IKZF1	15_60836251_60836622	292	299	+	12.1341	1.21e-05	0.216	ttgggagg
IKZF1_MOUSE.H11MO.0.C	IKZF1	1_163835064_163835405	286	293	-	12.1341	1.21e-05	0.216	TTGGGAGG
IKZF1_MOUSE.H11MO.0.C	IKZF1	17_66847042_66847356	287	294	-	12.1341	1.21e-05	0.216	TTGGGAGG
IKZF1_MOUSE.H11MO.0.C	IKZF1	13_51737988_51738312	288	295	-	12.1341	1.21e-05	0.216	TTGGGAGG
IKZF1_MOUSE.H11MO.0.C	IKZF1	3_101288042_101288349	295	302	+	12.1341	1.21e-05	0.216	ttgggagg
IKZF1_MOUSE.H11MO.0.C	IKZF1	3_100429725_100430213	291	298	-	12.1341	1.21e-05	0.216	TTGGGAGG
IKZF1_MOUSE.H11MO.0.C	IKZF1	2_70628411_70628735	300	307	+	12.1341	1.21e-05	0.216	ttgggagg
IKZF1_MOUSE.H11MO.0.C	IKZF1	9_71606286_71607086	301	308	+	12.1341	1.21e-05	0.216	TTGGGAGG
IKZF1_MOUSE.H11MO.0.C	IKZF1	7_110083951_110084306	304	311	+	12.1341	1.21e-05	0.216	ttgggagg
IKZF1_MOUSE.H11MO.0.C	IKZF1	2_155567744_155568197	350	357	+	12.1341	1.21e-05	0.216	ttgggagg
IKZF1_MOUSE.H11MO.0.C	IKZF1	8_120334789_120335161	344	351	-	12.1341	1.21e-05	0.216	TTGGGAGG
IKZF1_MOUSE.H11MO.0.C	IKZF1	6_98833945_98834308	352	359	+	12.1341	1.21e-05	0.216	ttgggagg
IKZF1_MOUSE.H11MO.0.C	IKZF1	1_16228006_16228811	360	367	-	12.1341	1.21e-05	0.216	TTGGGAGG
IKZF1_MOUSE.H11MO.0.C	IKZF1	7_98155998_98156462	361	368	-	12.1341	1.21e-05	0.216	TTGGGAGG
IKZF1_MOUSE.H11MO.0.C	IKZF1	8_92055565_92056105	391	398	+	12.1341	1.21e-05	0.216	ttgggagg
IKZF1_MOUSE.H11MO.0.C	IKZF1	2_93682695_93683159	424	431	+	12.1341	1.21e-05	0.216	TTGGGAGG
IKZF1_MOUSE.H11MO.0.C	IKZF1	15_73668049_73668508	436	443	-	12.1341	1.21e-05	0.216	TTGGGAGG
IKZF1_MOUSE.H11MO.0.C	IKZF1	11_64204253_64204723	447	454	+	12.1341	1.21e-05	0.216	ttgggagg
IKZF1_MOUSE.H11MO.0.C	IKZF1	7_130839460_130839992	456	463	-	12.1341	1.21e-05	0.216	TTGGGAGG
IKZF1_MOUSE.H11MO.0.C	IKZF1	1_160339330_160339806	467	474	-	12.1341	1.21e-05	0.216	TTGGGAGG
IKZF1_MOUSE.H11MO.0.C	IKZF1	2_118066119_118066871	479	486	-	12.1341	1.21e-05	0.216	TTGGGAGG
IKZF1_MOUSE.H11MO.0.C	IKZF1	11_87793283_87794228	917	924	+	12.1341	1.21e-05	0.216	TTGGGAGG
IKZF1_MOUSE.H11MO.0.C	IKZF1	1_26686076_26686275	8	15	+	12.0244	2.67e-05	0.216	TTGGGAGA
IKZF1_MOUSE.H11MO.0.C	IKZF1	2_124858615_124858849	7	14	-	12.0244	2.67e-05	0.216	TTGGGAGA
IKZF1_MOUSE.H11MO.0.C	IKZF1	6_17363474_17364083	18	25	+	12.0244	2.67e-05	0.216	TTGGGAGA
IKZF1_MOUSE.H11MO.0.C	IKZF1	11_113748797_113749073	17	24	-	12.0244	2.67e-05	0.216	TTGGGAGA
IKZF1_MOUSE.H11MO.0.C	IKZF1	2_38348759_38348959	27	34	-	12.0244	2.67e-05	0.216	TTGGGAGA
IKZF1_MOUSE.H11MO.0.C	IKZF1	12_90735493_90735753	39	46	+	12.0244	2.67e-05	0.216	TTGGGAGA
IKZF1_MOUSE.H11MO.0.C	IKZF1	6_113660581_113660773	41	48	-	12.0244	2.67e-05	0.216	TTGGGAGA
IKZF1_MOUSE.H11MO.0.C	IKZF1	6_90787559_90787808	55	62	+	12.0244	2.67e-05	0.216	TTGGGAGA
IKZF1_MOUSE.H11MO.0.C	IKZF1	2_153493288_153493467	64	71	-	12.0244	2.67e-05	0.216	TTGGGAGA
IKZF1_MOUSE.H11MO.0.C	IKZF1	17_57112841_57113358	72	79	+	12.0244	2.67e-05	0.216	ttgggaga
IKZF1_MOUSE.H11MO.0.C	IKZF1	18_38938698_38939081	67	74	-	12.0244	2.67e-05	0.216	TTGGGAGA
IKZF1_MOUSE.H11MO.0.C	IKZF1	11_44920104_44920544	73	80	-	12.0244	2.67e-05	0.216	TTGGGAGA
IKZF1_MOUSE.H11MO.0.C	IKZF1	1_180981355_180981613	87	94	+	12.0244	2.67e-05	0.216	TTGGGAGA
IKZF1_MOUSE.H11MO.0.C	IKZF1	9_44528410_44528618	80	87	-	12.0244	2.67e-05	0.216	TTGGGAGA
IKZF1_MOUSE.H11MO.0.C	IKZF1	10_21146254_21146599	86	93	-	12.0244	2.67e-05	0.216	TTGGGAGA
IKZF1_MOUSE.H11MO.0.C	IKZF1	1_130740903_130741687	89	96	-	12.0244	2.67e-05	0.216	TTGGGAGA
IKZF1_MOUSE.H11MO.0.C	IKZF1	6_123293034_123293244	96	103	+	12.0244	2.67e-05	0.216	ttgggaga
IKZF1_MOUSE.H11MO.0.C	IKZF1	1_63879634_63879864	93	100	-	12.0244	2.67e-05	0.216	TTGGGAGA
IKZF1_MOUSE.H11MO.0.C	IKZF1	2_91835106_91835430	107	114	+	12.0244	2.67e-05	0.216	ttgggaga
IKZF1_MOUSE.H11MO.0.C	IKZF1	16_91534556_91534772	101	108	-	12.0244	2.67e-05	0.216	TTGGGAGA
IKZF1_MOUSE.H11MO.0.C	IKZF1	9_90201671_90201886	107	114	-	12.0244	2.67e-05	0.216	TTGGGAGA
IKZF1_MOUSE.H11MO.0.C	IKZF1	16_16863972_16864335	109	116	-	12.0244	2.67e-05	0.216	TTGGGAGA
IKZF1_MOUSE.H11MO.0.C	IKZF1	1_170536462_170536634	115	122	-	12.0244	2.67e-05	0.216	TTGGGAGA
IKZF1_MOUSE.H11MO.0.C	IKZF1	14_120379811_120380033	122	129	-	12.0244	2.67e-05	0.216	TTGGGAGA
IKZF1_MOUSE.H11MO.0.C	IKZF1	18_32551975_32552297	152	159	-	12.0244	2.67e-05	0.216	TTGGGAGA
IKZF1_MOUSE.H11MO.0.C	IKZF1	14_8114160_8114470	161	168	+	12.0244	2.67e-05	0.216	TTGGGAGA
IKZF1_MOUSE.H11MO.0.C	IKZF1	7_123359247_123359419	163	170	-	12.0244	2.67e-05	0.216	TTGGGAGA
IKZF1_MOUSE.H11MO.0.C	IKZF1	12_110974848_110975064	173	180	+	12.0244	2.67e-05	0.216	TTGGGAGA
IKZF1_MOUSE.H11MO.0.C	IKZF1	11_19987150_19987430	178	185	+	12.0244	2.67e-05	0.216	TTGGGAGA
IKZF1_MOUSE.H11MO.0.C	IKZF1	12_110837518_110837779	180	187	+	12.0244	2.67e-05	0.216	TTGGGAGA
IKZF1_MOUSE.H11MO.0.C	IKZF1	2_153418486_153418779	174	181	-	12.0244	2.67e-05	0.216	TTGGGAGA
IKZF1_MOUSE.H11MO.0.C	IKZF1	17_46388225_46388435	184	191	+	12.0244	2.67e-05	0.216	TTGGGAGA
IKZF1_MOUSE.H11MO.0.C	IKZF1	18_61834970_61835345	182	189	-	12.0244	2.67e-05	0.216	TTGGGAGA
IKZF1_MOUSE.H11MO.0.C	IKZF1	9_57505676_57506146	189	196	+	12.0244	2.67e-05	0.216	TTGGGAGA
IKZF1_MOUSE.H11MO.0.C	IKZF1	11_87790125_87790466	189	196	+	12.0244	2.67e-05	0.216	TTGGGAGA
IKZF1_MOUSE.H11MO.0.C	IKZF1	15_83155586_83155829	192	199	+	12.0244	2.67e-05	0.216	ttgggaga
IKZF1_MOUSE.H11MO.0.C	IKZF1	1_183930569_183930916	201	208	+	12.0244	2.67e-05	0.216	TTGGGAGA
IKZF1_MOUSE.H11MO.0.C	IKZF1	18_4775029_4775504	214	221	-	12.0244	2.67e-05	0.216	TTGGGAGA
IKZF1_MOUSE.H11MO.0.C	IKZF1	4_147436735_147437327	224	231	-	12.0244	2.67e-05	0.216	TTGGGAGA
IKZF1_MOUSE.H11MO.0.C	IKZF1	10_80921881_80922329	232	239	+	12.0244	2.67e-05	0.216	TTGGGAGA
IKZF1_MOUSE.H11MO.0.C	IKZF1	15_67124748_67125128	234	241	+	12.0244	2.67e-05	0.216	TTGGGAGA
IKZF1_MOUSE.H11MO.0.C	IKZF1	6_134130766_134131169	231	238	-	12.0244	2.67e-05	0.216	TTGGGAGA
IKZF1_MOUSE.H11MO.0.C	IKZF1	4_152345220_152345875	242	249	+	12.0244	2.67e-05	0.216	TTGGGAGA
IKZF1_MOUSE.H11MO.0.C	IKZF1	13_97462069_97462597	242	249	-	12.0244	2.67e-05	0.216	TTGGGAGA
IKZF1_MOUSE.H11MO.0.C	IKZF1	2_174450376_174450783	249	256	+	12.0244	2.67e-05	0.216	TTGGGAGA
IKZF1_MOUSE.H11MO.0.C	IKZF1	10_120168149_120168476	259	266	+	12.0244	2.67e-05	0.216	ttgggaga
IKZF1_MOUSE.H11MO.0.C	IKZF1	15_79435380_79435728	255	262	-	12.0244	2.67e-05	0.216	TTGGGAGA
IKZF1_MOUSE.H11MO.0.C	IKZF1	1_183930569_183930916	263	270	-	12.0244	2.67e-05	0.216	TTGGGAGA
IKZF1_MOUSE.H11MO.0.C	IKZF1	18_56699029_56699361	275	282	+	12.0244	2.67e-05	0.216	TTGGGAGA
IKZF1_MOUSE.H11MO.0.C	IKZF1	12_73384783_73385163	280	287	+	12.0244	2.67e-05	0.216	TTGGGAGA
IKZF1_MOUSE.H11MO.0.C	IKZF1	2_118961535_118961898	309	316	-	12.0244	2.67e-05	0.216	TTGGGAGA
IKZF1_MOUSE.H11MO.0.C	IKZF1	8_117263428_117263828	330	337	+	12.0244	2.67e-05	0.216	TTGGGAGA
IKZF1_MOUSE.H11MO.0.C	IKZF1	14_54705710_54706303	331	338	-	12.0244	2.67e-05	0.216	TTGGGAGA
IKZF1_MOUSE.H11MO.0.C	IKZF1	16_18387347_18388138	350	357	-	12.0244	2.67e-05	0.216	TTGGGAGA
IKZF1_MOUSE.H11MO.0.C	IKZF1	3_144356098_144356563	380	387	-	12.0244	2.67e-05	0.216	TTGGGAGA
IKZF1_MOUSE.H11MO.0.C	IKZF1	7_139984514_139985027	399	406	+	12.0244	2.67e-05	0.216	TTGGGAGA
IKZF1_MOUSE.H11MO.0.C	IKZF1	8_121955800_121956278	455	462	-	12.0244	2.67e-05	0.216	TTGGGAGA
IKZF1_MOUSE.H11MO.0.C	IKZF1	8_109578921_109579399	468	475	+	12.0244	2.67e-05	0.216	TTGGGAGA
IKZF1_MOUSE.H11MO.0.C	IKZF1	10_58231769_58232870	940	947	+	12.0244	2.67e-05	0.216	TTGGGAGA
IKZF1_MOUSE.H11MO.0.C	IKZF1	9_57505676_57506146	1	8	+	11.8171	3.66e-05	0.216	CTGGGAGG
IKZF1_MOUSE.H11MO.0.C	IKZF1	12_54283669_54283995	6	13	+	11.8171	3.66e-05	0.216	CTGGGAGG
IKZF1_MOUSE.H11MO.0.C	IKZF1	4_45453444_45453698	10	17	+	11.8171	3.66e-05	0.216	CTGGGAGG
IKZF1_MOUSE.H11MO.0.C	IKZF1	10_36917747_36918283	4	11	-	11.8171	3.66e-05	0.216	CTGGGAGG
IKZF1_MOUSE.H11MO.0.C	IKZF1	2_46119842_46120217	8	15	-	11.8171	3.66e-05	0.216	CTGGGAGG
IKZF1_MOUSE.H11MO.0.C	IKZF1	6_53995570_53995903	12	19	-	11.8171	3.66e-05	0.216	CTGGGAGG
IKZF1_MOUSE.H11MO.0.C	IKZF1	2_92667226_92667448	20	27	+	11.8171	3.66e-05	0.216	CTGGGAGG
IKZF1_MOUSE.H11MO.0.C	IKZF1	11_120630487_120630767	24	31	+	11.8171	3.66e-05	0.216	CTGGGAGG
IKZF1_MOUSE.H11MO.0.C	IKZF1	11_115233492_115233705	18	25	-	11.8171	3.66e-05	0.216	CTGGGAGG
IKZF1_MOUSE.H11MO.0.C	IKZF1	8_83215013_83215470	18	25	-	11.8171	3.66e-05	0.216	CTGGGAGG
IKZF1_MOUSE.H11MO.0.C	IKZF1	11_82421848_82422328	32	39	+	11.8171	3.66e-05	0.216	CTGGGAGG
IKZF1_MOUSE.H11MO.0.C	IKZF1	2_168438879_168439247	33	40	+	11.8171	3.66e-05	0.216	CTGGGAGG
IKZF1_MOUSE.H11MO.0.C	IKZF1	2_153493288_153493467	26	33	-	11.8171	3.66e-05	0.216	CTGGGAGG
IKZF1_MOUSE.H11MO.0.C	IKZF1	17_73950174_73950418	26	33	-	11.8171	3.66e-05	0.216	CTGGGAGG
IKZF1_MOUSE.H11MO.0.C	IKZF1	10_81382104_81382561	27	34	-	11.8171	3.66e-05	0.216	CTGGGAGG
IKZF1_MOUSE.H11MO.0.C	IKZF1	19_14659774_14660121	34	41	+	11.8171	3.66e-05	0.216	CTGGGAGG
IKZF1_MOUSE.H11MO.0.C	IKZF1	12_104085962_104086185	29	36	-	11.8171	3.66e-05	0.216	CTGGGAGG
IKZF1_MOUSE.H11MO.0.C	IKZF1	11_102998525_102998808	37	44	+	11.8171	3.66e-05	0.216	CTGGGAGG
IKZF1_MOUSE.H11MO.0.C	IKZF1	11_75270345_75270546	31	38	-	11.8171	3.66e-05	0.216	CTGGGAGG
IKZF1_MOUSE.H11MO.0.C	IKZF1	3_117044313_117044600	35	42	-	11.8171	3.66e-05	0.216	CTGGGAGG
IKZF1_MOUSE.H11MO.0.C	IKZF1	7_101383851_101384104	35	42	-	11.8171	3.66e-05	0.216	CTGGGAGG
IKZF1_MOUSE.H11MO.0.C	IKZF1	5_116422975_116423256	44	51	+	11.8171	3.66e-05	0.216	CTGGGAGG
IKZF1_MOUSE.H11MO.0.C	IKZF1	9_31254702_31255011	51	58	+	11.8171	3.66e-05	0.216	ctgggagg
IKZF1_MOUSE.H11MO.0.C	IKZF1	17_27153080_27153489	46	53	-	11.8171	3.66e-05	0.216	CTGGGAGG
IKZF1_MOUSE.H11MO.0.C	IKZF1	7_47115547_47115804	53	60	+	11.8171	3.66e-05	0.216	CTGGGAGG
IKZF1_MOUSE.H11MO.0.C	IKZF1	10_59571276_59571640	48	55	-	11.8171	3.66e-05	0.216	CTGGGAGG
IKZF1_MOUSE.H11MO.0.C	IKZF1	15_67643349_67643776	55	62	+	11.8171	3.66e-05	0.216	ctgggagg
IKZF1_MOUSE.H11MO.0.C	IKZF1	8_120371715_120372151	56	63	+	11.8171	3.66e-05	0.216	CTGGGAGG
IKZF1_MOUSE.H11MO.0.C	IKZF1	4_137200971_137201191	51	58	-	11.8171	3.66e-05	0.216	CTGGGAGG
IKZF1_MOUSE.H11MO.0.C	IKZF1	8_34815255_34815692	60	67	+	11.8171	3.66e-05	0.216	CTGGGAGG
IKZF1_MOUSE.H11MO.0.C	IKZF1	3_27484763_27484920	57	64	-	11.8171	3.66e-05	0.216	CTGGGAGG
IKZF1_MOUSE.H11MO.0.C	IKZF1	16_33261486_33262312	57	64	-	11.8171	3.66e-05	0.216	CTGGGAGG
IKZF1_MOUSE.H11MO.0.C	IKZF1	3_59058986_59059550	59	66	-	11.8171	3.66e-05	0.216	CTGGGAGG
IKZF1_MOUSE.H11MO.0.C	IKZF1	15_62037675_62038103	59	66	-	11.8171	3.66e-05	0.216	CTGGGAGG
IKZF1_MOUSE.H11MO.0.C	IKZF1	13_59216241_59216599	60	67	-	11.8171	3.66e-05	0.216	CTGGGAGG
IKZF1_MOUSE.H11MO.0.C	IKZF1	7_28821257_28821683	72	79	+	11.8171	3.66e-05	0.216	CTGGGAGG
IKZF1_MOUSE.H11MO.0.C	IKZF1	13_97778696_97779247	66	73	-	11.8171	3.66e-05	0.216	CTGGGAGG
IKZF1_MOUSE.H11MO.0.C	IKZF1	10_42188289_42188474	66	73	-	11.8171	3.66e-05	0.216	CTGGGAGG
IKZF1_MOUSE.H11MO.0.C	IKZF1	3_79994014_79994264	67	74	-	11.8171	3.66e-05	0.216	CTGGGAGG
IKZF1_MOUSE.H11MO.0.C	IKZF1	11_76709733_76710245	74	81	+	11.8171	3.66e-05	0.216	CTGGGAGG
IKZF1_MOUSE.H11MO.0.C	IKZF1	2_129601164_129601352	75	82	+	11.8171	3.66e-05	0.216	ctgggagg
IKZF1_MOUSE.H11MO.0.C	IKZF1	10_86138978_86139392	69	76	-	11.8171	3.66e-05	0.216	CTGGGAGG
IKZF1_MOUSE.H11MO.0.C	IKZF1	3_8762087_8762349	70	77	-	11.8171	3.66e-05	0.216	CTGGGAGG
IKZF1_MOUSE.H11MO.0.C	IKZF1	5_130062128_130062393	77	84	+	11.8171	3.66e-05	0.216	CTGggagg
IKZF1_MOUSE.H11MO.0.C	IKZF1	1_193242258_193242723	71	78	-	11.8171	3.66e-05	0.216	CTGGGAGG
IKZF1_MOUSE.H11MO.0.C	IKZF1	2_158673477_158673874	80	87	+	11.8171	3.66e-05	0.216	CTGGGAGG
IKZF1_MOUSE.H11MO.0.C	IKZF1	17_45173411_45173772	74	81	-	11.8171	3.66e-05	0.216	CTGGGAGG
IKZF1_MOUSE.H11MO.0.C	IKZF1	7_99181768_99182098	75	82	-	11.8171	3.66e-05	0.216	CTGGGAGG
IKZF1_MOUSE.H11MO.0.C	IKZF1	8_120747840_120748056	87	94	+	11.8171	3.66e-05	0.216	CTGGGAGG
IKZF1_MOUSE.H11MO.0.C	IKZF1	13_111201432_111201610	87	94	-	11.8171	3.66e-05	0.216	CTGGGAGG
IKZF1_MOUSE.H11MO.0.C	IKZF1	11_117092740_117093126	94	101	+	11.8171	3.66e-05	0.216	CTGGGAGG
IKZF1_MOUSE.H11MO.0.C	IKZF1	13_73742921_73743319	88	95	-	11.8171	3.66e-05	0.216	CTGGGAGG
IKZF1_MOUSE.H11MO.0.C	IKZF1	3_65670348_65670586	91	98	-	11.8171	3.66e-05	0.216	CTGGGAGG
IKZF1_MOUSE.H11MO.0.C	IKZF1	9_77427847_77428125	99	106	-	11.8171	3.66e-05	0.216	CTGGGAGG
IKZF1_MOUSE.H11MO.0.C	IKZF1	6_55356109_55356435	102	109	-	11.8171	3.66e-05	0.216	CTGGGAGG
IKZF1_MOUSE.H11MO.0.C	IKZF1	10_18837265_18837554	102	109	-	11.8171	3.66e-05	0.216	CTGGGAGG
IKZF1_MOUSE.H11MO.0.C	IKZF1	7_30193835_30194074	103	110	-	11.8171	3.66e-05	0.216	CTGGGAGG
IKZF1_MOUSE.H11MO.0.C	IKZF1	1_190831438_190831709	110	117	+	11.8171	3.66e-05	0.216	CTGGGAGG
IKZF1_MOUSE.H11MO.0.C	IKZF1	5_30594223_30594577	103	110	-	11.8171	3.66e-05	0.216	CTGGGAGG
IKZF1_MOUSE.H11MO.0.C	IKZF1	3_85482709_85482878	105	112	-	11.8171	3.66e-05	0.216	CTGGGAGG
IKZF1_MOUSE.H11MO.0.C	IKZF1	12_112599185_112599555	105	112	-	11.8171	3.66e-05	0.216	CTGGGAGG
IKZF1_MOUSE.H11MO.0.C	IKZF1	5_120704423_120704787	106	113	-	11.8171	3.66e-05	0.216	CTGGGAGG
IKZF1_MOUSE.H11MO.0.C	IKZF1	11_54884881_54885297	106	113	-	11.8171	3.66e-05	0.216	CTGGGAGG
IKZF1_MOUSE.H11MO.0.C	IKZF1	16_19263316_19263597	117	124	+	11.8171	3.66e-05	0.216	CTGGGAGG
IKZF1_MOUSE.H11MO.0.C	IKZF1	7_125878016_125878348	112	119	-	11.8171	3.66e-05	0.216	CTGGGAGG
IKZF1_MOUSE.H11MO.0.C	IKZF1	4_101192244_101192899	113	120	-	11.8171	3.66e-05	0.216	CTGGGAGG
IKZF1_MOUSE.H11MO.0.C	IKZF1	5_149117933_149118414	121	128	+	11.8171	3.66e-05	0.216	CTGGGAGG
IKZF1_MOUSE.H11MO.0.C	IKZF1	1_131276732_131277201	118	125	-	11.8171	3.66e-05	0.216	CTGGGAGG
IKZF1_MOUSE.H11MO.0.C	IKZF1	10_31538845_31538995	119	126	-	11.8171	3.66e-05	0.216	CTGGGAGG
IKZF1_MOUSE.H11MO.0.C	IKZF1	17_48451346_48451574	119	126	-	11.8171	3.66e-05	0.216	CTGGGAGG
IKZF1_MOUSE.H11MO.0.C	IKZF1	4_137502396_137502674	127	134	+	11.8171	3.66e-05	0.216	CTGGGAGG
IKZF1_MOUSE.H11MO.0.C	IKZF1	19_31104874_31105106	129	136	+	11.8171	3.66e-05	0.216	ctgggagg
IKZF1_MOUSE.H11MO.0.C	IKZF1	8_109585775_109586080	133	140	+	11.8171	3.66e-05	0.216	CTGGGAGG
IKZF1_MOUSE.H11MO.0.C	IKZF1	15_101293038_101293397	135	142	+	11.8171	3.66e-05	0.216	CTGGGAGG
IKZF1_MOUSE.H11MO.0.C	IKZF1	16_33787002_33787347	135	142	+	11.8171	3.66e-05	0.216	CTGGGAGG
IKZF1_MOUSE.H11MO.0.C	IKZF1	4_145147123_145147500	130	137	-	11.8171	3.66e-05	0.216	CTGGGAGG
IKZF1_MOUSE.H11MO.0.C	IKZF1	2_153493288_153493467	133	140	-	11.8171	3.66e-05	0.216	CTGGGAGG
IKZF1_MOUSE.H11MO.0.C	IKZF1	3_85482709_85482878	133	140	-	11.8171	3.66e-05	0.216	CTGGGAGG
IKZF1_MOUSE.H11MO.0.C	IKZF1	2_129601929_129602237	142	149	+	11.8171	3.66e-05	0.216	CTGGGAGG
IKZF1_MOUSE.H11MO.0.C	IKZF1	14_32168899_32169208	135	142	-	11.8171	3.66e-05	0.216	CTGGGAGG
IKZF1_MOUSE.H11MO.0.C	IKZF1	3_101288042_101288349	147	154	+	11.8171	3.66e-05	0.216	CTGGGAGG
IKZF1_MOUSE.H11MO.0.C	IKZF1	9_21927262_21927734	142	149	-	11.8171	3.66e-05	0.216	CTGGGAGG
IKZF1_MOUSE.H11MO.0.C	IKZF1	5_24365560_24365843	150	157	+	11.8171	3.66e-05	0.216	CTGGGAGG
IKZF1_MOUSE.H11MO.0.C	IKZF1	7_105709010_105709279	143	150	-	11.8171	3.66e-05	0.216	CTGGGAGG
IKZF1_MOUSE.H11MO.0.C	IKZF1	15_83155950_83156228	147	154	-	11.8171	3.66e-05	0.216	CTGGGAGG
IKZF1_MOUSE.H11MO.0.C	IKZF1	2_135826722_135826908	159	166	+	11.8171	3.66e-05	0.216	CTGGGAGG
IKZF1_MOUSE.H11MO.0.C	IKZF1	5_110835996_110836286	160	167	+	11.8171	3.66e-05	0.216	CTGGGAGG
IKZF1_MOUSE.H11MO.0.C	IKZF1	4_33265003_33265431	161	168	+	11.8171	3.66e-05	0.216	CTGGGAGG
IKZF1_MOUSE.H11MO.0.C	IKZF1	7_27578550_27578836	155	162	-	11.8171	3.66e-05	0.216	CTGGGAGG
IKZF1_MOUSE.H11MO.0.C	IKZF1	11_87726070_87726562	162	169	+	11.8171	3.66e-05	0.216	CTGGGAGG
IKZF1_MOUSE.H11MO.0.C	IKZF1	10_68795490_68795851	156	163	-	11.8171	3.66e-05	0.216	CTGGGAGG
IKZF1_MOUSE.H11MO.0.C	IKZF1	3_145210140_145210612	158	165	-	11.8171	3.66e-05	0.216	CTGGGAGG
IKZF1_MOUSE.H11MO.0.C	IKZF1	17_51258410_51258665	159	166	-	11.8171	3.66e-05	0.216	CTGGGAGG
IKZF1_MOUSE.H11MO.0.C	IKZF1	3_149485431_149485711	159	166	-	11.8171	3.66e-05	0.216	CTGGGAGG
IKZF1_MOUSE.H11MO.0.C	IKZF1	7_68189236_68189659	161	168	-	11.8171	3.66e-05	0.216	CTGGGAGG
IKZF1_MOUSE.H11MO.0.C	IKZF1	14_47634490_47634802	173	180	+	11.8171	3.66e-05	0.216	CTGGGAGG
IKZF1_MOUSE.H11MO.0.C	IKZF1	2_59628012_59628316	173	180	+	11.8171	3.66e-05	0.216	CTGGGAGG
IKZF1_MOUSE.H11MO.0.C	IKZF1	3_149485431_149485711	167	174	-	11.8171	3.66e-05	0.216	CTGGGAGG
IKZF1_MOUSE.H11MO.0.C	IKZF1	14_57862051_57862412	167	174	-	11.8171	3.66e-05	0.216	CTGGGAGG
IKZF1_MOUSE.H11MO.0.C	IKZF1	16_89972971_89973498	167	174	-	11.8171	3.66e-05	0.216	CTGGGAGG
IKZF1_MOUSE.H11MO.0.C	IKZF1	14_72113410_72113981	177	184	+	11.8171	3.66e-05	0.216	CTGGGAGG
IKZF1_MOUSE.H11MO.0.C	IKZF1	4_149155715_149156149	171	178	-	11.8171	3.66e-05	0.216	CTGGGAGG
IKZF1_MOUSE.H11MO.0.C	IKZF1	8_120325312_120325822	172	179	-	11.8171	3.66e-05	0.216	CTGGGAGG
IKZF1_MOUSE.H11MO.0.C	IKZF1	6_37064510_37064796	179	186	+	11.8171	3.66e-05	0.216	CTGGGAGG
IKZF1_MOUSE.H11MO.0.C	IKZF1	8_84276523_84277235	178	185	-	11.8171	3.66e-05	0.216	CTGGGAGG
IKZF1_MOUSE.H11MO.0.C	IKZF1	4_147436735_147437327	178	185	-	11.8171	3.66e-05	0.216	CTGGGAGG
IKZF1_MOUSE.H11MO.0.C	IKZF1	1_38320874_38321110	179	186	-	11.8171	3.66e-05	0.216	CTGGGAGG
IKZF1_MOUSE.H11MO.0.C	IKZF1	6_130197447_130197862	188	195	+	11.8171	3.66e-05	0.216	CTGGGAGG
IKZF1_MOUSE.H11MO.0.C	IKZF1	2_93353749_93353994	182	189	-	11.8171	3.66e-05	0.216	CTGGGAGG
IKZF1_MOUSE.H11MO.0.C	IKZF1	6_113675349_113675629	190	197	+	11.8171	3.66e-05	0.216	CTGGGAGG
IKZF1_MOUSE.H11MO.0.C	IKZF1	6_128102450_128102950	185	192	-	11.8171	3.66e-05	0.216	CTGGGAGG
IKZF1_MOUSE.H11MO.0.C	IKZF1	6_130341979_130342399	193	200	+	11.8171	3.66e-05	0.216	CTGGGAGG
IKZF1_MOUSE.H11MO.0.C	IKZF1	18_46553763_46554100	187	194	-	11.8171	3.66e-05	0.216	CTGGGAGG
IKZF1_MOUSE.H11MO.0.C	IKZF1	18_76948827_76949278	194	201	+	11.8171	3.66e-05	0.216	CTGGGAGG
IKZF1_MOUSE.H11MO.0.C	IKZF1	12_108244856_108245134	197	204	+	11.8171	3.66e-05	0.216	CTGGGAGG
IKZF1_MOUSE.H11MO.0.C	IKZF1	8_25118972_25119276	191	198	-	11.8171	3.66e-05	0.216	CTGGGAGG
IKZF1_MOUSE.H11MO.0.C	IKZF1	6_121094063_121094416	192	199	-	11.8171	3.66e-05	0.216	CTGGGAGG
IKZF1_MOUSE.H11MO.0.C	IKZF1	9_22107900_22108490	195	202	-	11.8171	3.66e-05	0.216	CTGGGAGG
IKZF1_MOUSE.H11MO.0.C	IKZF1	11_79071606_79071883	204	211	+	11.8171	3.66e-05	0.216	CTGGGAGG
IKZF1_MOUSE.H11MO.0.C	IKZF1	1_86470590_86471081	206	213	+	11.8171	3.66e-05	0.216	CTGGGAGG
IKZF1_MOUSE.H11MO.0.C	IKZF1	14_32950998_32951381	202	209	-	11.8171	3.66e-05	0.216	CTGGGAGG
IKZF1_MOUSE.H11MO.0.C	IKZF1	5_57714688_57715592	209	216	+	11.8171	3.66e-05	0.216	CTGGGAGG
IKZF1_MOUSE.H11MO.0.C	IKZF1	4_105133598_105133847	210	217	-	11.8171	3.66e-05	0.216	CTGGGAGG
IKZF1_MOUSE.H11MO.0.C	IKZF1	9_120360572_120360938	221	228	+	11.8171	3.66e-05	0.216	CTGGGAGG
IKZF1_MOUSE.H11MO.0.C	IKZF1	17_46005418_46005782	218	225	-	11.8171	3.66e-05	0.216	CTGGGAGG
IKZF1_MOUSE.H11MO.0.C	IKZF1	4_132794777_132795025	227	234	+	11.8171	3.66e-05	0.216	CTGGGAGG
IKZF1_MOUSE.H11MO.0.C	IKZF1	6_130288039_130288543	228	235	+	11.8171	3.66e-05	0.216	CTGGGAGG
IKZF1_MOUSE.H11MO.0.C	IKZF1	2_76690857_76691176	222	229	-	11.8171	3.66e-05	0.216	CTGGGAGG
IKZF1_MOUSE.H11MO.0.C	IKZF1	11_82421848_82422328	227	234	-	11.8171	3.66e-05	0.216	CTGGGAGG
IKZF1_MOUSE.H11MO.0.C	IKZF1	12_111896941_111897648	239	246	+	11.8171	3.66e-05	0.216	CTGGGAGG
IKZF1_MOUSE.H11MO.0.C	IKZF1	10_42244497_42244847	244	251	+	11.8171	3.66e-05	0.216	CTGGGAGG
IKZF1_MOUSE.H11MO.0.C	IKZF1	1_185454546_185455152	238	245	-	11.8171	3.66e-05	0.216	CTGGGAGG
IKZF1_MOUSE.H11MO.0.C	IKZF1	17_50020215_50020848	246	253	+	11.8171	3.66e-05	0.216	CTGGGAGG
IKZF1_MOUSE.H11MO.0.C	IKZF1	19_53819351_53819673	247	254	+	11.8171	3.66e-05	0.216	CTGGGAGG
IKZF1_MOUSE.H11MO.0.C	IKZF1	2_9688240_9688527	243	250	-	11.8171	3.66e-05	0.216	CTGGGAGG
IKZF1_MOUSE.H11MO.0.C	IKZF1	2_73038289_73038718	243	250	-	11.8171	3.66e-05	0.216	CTGGGAGG
IKZF1_MOUSE.H11MO.0.C	IKZF1	5_139734031_139734432	252	259	-	11.8171	3.66e-05	0.216	CTGGGAGG
IKZF1_MOUSE.H11MO.0.C	IKZF1	6_37261277_37261611	254	261	-	11.8171	3.66e-05	0.216	CTGGGAGG
IKZF1_MOUSE.H11MO.0.C	IKZF1	4_154557279_154557557	255	262	-	11.8171	3.66e-05	0.216	CTGGGAGG
IKZF1_MOUSE.H11MO.0.C	IKZF1	13_113490334_113490725	263	270	+	11.8171	3.66e-05	0.216	CTGGGAGG
IKZF1_MOUSE.H11MO.0.C	IKZF1	3_115641462_115641740	256	263	-	11.8171	3.66e-05	0.216	CTGGGAGG
IKZF1_MOUSE.H11MO.0.C	IKZF1	7_120865118_120865484	264	271	+	11.8171	3.66e-05	0.216	CTGGGAGG
IKZF1_MOUSE.H11MO.0.C	IKZF1	11_95026041_95026467	265	272	+	11.8171	3.66e-05	0.216	CTGGGAGG
IKZF1_MOUSE.H11MO.0.C	IKZF1	9_85496884_85497281	272	279	+	11.8171	3.66e-05	0.216	CTGGGAGG
IKZF1_MOUSE.H11MO.0.C	IKZF1	4_123239794_123240277	265	272	-	11.8171	3.66e-05	0.216	CTGGGAGG
IKZF1_MOUSE.H11MO.0.C	IKZF1	8_122719630_122720084	274	281	-	11.8171	3.66e-05	0.216	CTGGGAGG
IKZF1_MOUSE.H11MO.0.C	IKZF1	19_6164161_6164511	286	293	+	11.8171	3.66e-05	0.216	CTGGGAGG
IKZF1_MOUSE.H11MO.0.C	IKZF1	4_106492164_106492519	290	297	+	11.8171	3.66e-05	0.216	CTGGGAGG
IKZF1_MOUSE.H11MO.0.C	IKZF1	2_36198504_36198870	291	298	+	11.8171	3.66e-05	0.216	CTGGGAGG
IKZF1_MOUSE.H11MO.0.C	IKZF1	2_131080354_131080799	291	298	+	11.8171	3.66e-05	0.216	CTGGGAGG
IKZF1_MOUSE.H11MO.0.C	IKZF1	14_118662779_118663245	285	292	-	11.8171	3.66e-05	0.216	CTGGGAGG
IKZF1_MOUSE.H11MO.0.C	IKZF1	6_121094063_121094416	292	299	+	11.8171	3.66e-05	0.216	CTGGGAGG
IKZF1_MOUSE.H11MO.0.C	IKZF1	1_85901662_85902023	286	293	-	11.8171	3.66e-05	0.216	CTGGGAGG
IKZF1_MOUSE.H11MO.0.C	IKZF1	11_35878204_35878526	297	304	+	11.8171	3.66e-05	0.216	CTGGGAGG
IKZF1_MOUSE.H11MO.0.C	IKZF1	17_35103168_35103506	299	306	-	11.8171	3.66e-05	0.216	CTGGGAGG
IKZF1_MOUSE.H11MO.0.C	IKZF1	9_90198640_90199008	309	316	+	11.8171	3.66e-05	0.216	CTGGGAGG
IKZF1_MOUSE.H11MO.0.C	IKZF1	11_88173690_88174056	302	309	-	11.8171	3.66e-05	0.216	CTGGGAGG
IKZF1_MOUSE.H11MO.0.C	IKZF1	10_118091513_118091901	305	312	-	11.8171	3.66e-05	0.216	CTGGGAGG
IKZF1_MOUSE.H11MO.0.C	IKZF1	7_139984514_139985027	312	319	+	11.8171	3.66e-05	0.216	CTGGGAGG
IKZF1_MOUSE.H11MO.0.C	IKZF1	11_54884881_54885297	315	322	+	11.8171	3.66e-05	0.216	CTGGGAGG
IKZF1_MOUSE.H11MO.0.C	IKZF1	15_59624564_59625024	320	327	+	11.8171	3.66e-05	0.216	CTGGGAGG
IKZF1_MOUSE.H11MO.0.C	IKZF1	15_59673987_59674556	320	327	+	11.8171	3.66e-05	0.216	CTGGGAGG
IKZF1_MOUSE.H11MO.0.C	IKZF1	7_82551992_82552381	314	321	-	11.8171	3.66e-05	0.216	CTGGGAGG
IKZF1_MOUSE.H11MO.0.C	IKZF1	13_111346059_111346469	322	329	-	11.8171	3.66e-05	0.216	CTGGGAGG
IKZF1_MOUSE.H11MO.0.C	IKZF1	12_103491288_103491650	334	341	+	11.8171	3.66e-05	0.216	ctgggagg
IKZF1_MOUSE.H11MO.0.C	IKZF1	15_5295835_5296244	358	365	-	11.8171	3.66e-05	0.216	CTGGGAGG
IKZF1_MOUSE.H11MO.0.C	IKZF1	17_15299782_15300234	362	369	-	11.8171	3.66e-05	0.216	CTGGGAGG
IKZF1_MOUSE.H11MO.0.C	IKZF1	14_57692636_57693133	373	380	+	11.8171	3.66e-05	0.216	ctgggagg
IKZF1_MOUSE.H11MO.0.C	IKZF1	16_90333925_90334391	374	381	-	11.8171	3.66e-05	0.216	CTGGGAGG
IKZF1_MOUSE.H11MO.0.C	IKZF1	7_28821257_28821683	398	405	+	11.8171	3.66e-05	0.216	CTGGGAGG
IKZF1_MOUSE.H11MO.0.C	IKZF1	15_100738335_100738843	402	409	+	11.8171	3.66e-05	0.216	CTGGGAGG
IKZF1_MOUSE.H11MO.0.C	IKZF1	11_49765829_49766270	398	405	-	11.8171	3.66e-05	0.216	CTGGGAGG
IKZF1_MOUSE.H11MO.0.C	IKZF1	16_12307359_12307872	409	416	+	11.8171	3.66e-05	0.216	CTGGGAGG
IKZF1_MOUSE.H11MO.0.C	IKZF1	9_22107900_22108490	406	413	-	11.8171	3.66e-05	0.216	CTGGGAGG
IKZF1_MOUSE.H11MO.0.C	IKZF1	4_3228275_3228941	415	422	-	11.8171	3.66e-05	0.216	CTGGGAGG
IKZF1_MOUSE.H11MO.0.C	IKZF1	8_111726163_111726776	418	425	-	11.8171	3.66e-05	0.216	CTGGGAGG
IKZF1_MOUSE.H11MO.0.C	IKZF1	18_75502736_75503245	424	431	-	11.8171	3.66e-05	0.216	CTGGGAGG
IKZF1_MOUSE.H11MO.0.C	IKZF1	4_154911140_154911601	425	432	-	11.8171	3.66e-05	0.216	CTGGGAGG
IKZF1_MOUSE.H11MO.0.C	IKZF1	9_61278286_61278798	439	446	-	11.8171	3.66e-05	0.216	CTGGGAGG
IKZF1_MOUSE.H11MO.0.C	IKZF1	15_99664485_99665096	470	477	-	11.8171	3.66e-05	0.216	CTGGGAGG
IKZF1_MOUSE.H11MO.0.C	IKZF1	19_44197087_44197821	484	491	-	11.8171	3.66e-05	0.216	CTGGGAGG
IKZF1_MOUSE.H11MO.0.C	IKZF1	6_90660928_90661494	495	502	+	11.8171	3.66e-05	0.216	CTGGGAGG
IKZF1_MOUSE.H11MO.0.C	IKZF1	5_139803739_139804526	527	534	-	11.8171	3.66e-05	0.216	CTGGGAGG
IKZF1_MOUSE.H11MO.0.C	IKZF1	2_37780232_37780838	553	560	+	11.8171	3.66e-05	0.216	CTGGGAGG
IKZF1_MOUSE.H11MO.0.C	IKZF1	1_36919727_36920392	582	589	-	11.8171	3.66e-05	0.216	CTGGGAGG
IKZF1_MOUSE.H11MO.0.C	IKZF1	10_58231769_58232870	921	928	-	11.8171	3.66e-05	0.216	CTGGGAGG
IKZF1_MOUSE.H11MO.0.C	IKZF1	7_138919114_138919954	1	8	+	11.7073	4.87e-05	0.216	CTGGGAGA
IKZF1_MOUSE.H11MO.0.C	IKZF1	1_193668887_193669205	2	9	+	11.7073	4.87e-05	0.216	ctgggaga
IKZF1_MOUSE.H11MO.0.C	IKZF1	11_113046340_113046598	3	10	+	11.7073	4.87e-05	0.216	CTGGGAGA
IKZF1_MOUSE.H11MO.0.C	IKZF1	2_38348759_38348959	2	9	-	11.7073	4.87e-05	0.216	CTGGGAGA
IKZF1_MOUSE.H11MO.0.C	IKZF1	9_72639965_72640321	16	23	+	11.7073	4.87e-05	0.216	CTGGGAGA
IKZF1_MOUSE.H11MO.0.C	IKZF1	16_49769799_49770005	16	23	-	11.7073	4.87e-05	0.216	CTGGGAGA
IKZF1_MOUSE.H11MO.0.C	IKZF1	19_47316222_47316524	26	33	+	11.7073	4.87e-05	0.216	CTGGGAGA
IKZF1_MOUSE.H11MO.0.C	IKZF1	4_66043141_66043552	19	26	-	11.7073	4.87e-05	0.216	CTGGGAGA
IKZF1_MOUSE.H11MO.0.C	IKZF1	7_25665218_25665442	27	34	+	11.7073	4.87e-05	0.216	CTGGGAGA
IKZF1_MOUSE.H11MO.0.C	IKZF1	6_39059538_39059960	22	29	-	11.7073	4.87e-05	0.216	CTGGGAGA
IKZF1_MOUSE.H11MO.0.C	IKZF1	10_44702108_44702434	22	29	-	11.7073	4.87e-05	0.216	CTGGGAGA
IKZF1_MOUSE.H11MO.0.C	IKZF1	9_48806649_48806840	29	36	-	11.7073	4.87e-05	0.216	CTGGGAGA
IKZF1_MOUSE.H11MO.0.C	IKZF1	16_21473359_21473786	39	46	+	11.7073	4.87e-05	0.216	ctgggaga
IKZF1_MOUSE.H11MO.0.C	IKZF1	16_95903631_95903875	41	48	+	11.7073	4.87e-05	0.216	CTGGGAGA
IKZF1_MOUSE.H11MO.0.C	IKZF1	8_11403836_11404270	35	42	-	11.7073	4.87e-05	0.216	CTGGGAGA
IKZF1_MOUSE.H11MO.0.C	IKZF1	13_73742921_73743319	43	50	+	11.7073	4.87e-05	0.216	CTGGGAGA
IKZF1_MOUSE.H11MO.0.C	IKZF1	17_31808563_31808817	36	43	-	11.7073	4.87e-05	0.216	CTGGGAGA
IKZF1_MOUSE.H11MO.0.C	IKZF1	13_9939106_9939422	45	52	+	11.7073	4.87e-05	0.216	CTGGGAGA
IKZF1_MOUSE.H11MO.0.C	IKZF1	16_26626084_26626387	38	45	-	11.7073	4.87e-05	0.216	CTGGGAGA
IKZF1_MOUSE.H11MO.0.C	IKZF1	9_107278640_107278883	47	54	+	11.7073	4.87e-05	0.216	CTGGGAGA
IKZF1_MOUSE.H11MO.0.C	IKZF1	2_36198504_36198870	49	56	+	11.7073	4.87e-05	0.216	CTGGGAGA
IKZF1_MOUSE.H11MO.0.C	IKZF1	9_21348232_21348467	43	50	-	11.7073	4.87e-05	0.216	CTGGGAGA
IKZF1_MOUSE.H11MO.0.C	IKZF1	15_42309676_42309965	56	63	+	11.7073	4.87e-05	0.216	CTGGGAGA
IKZF1_MOUSE.H11MO.0.C	IKZF1	14_61866543_61866878	53	60	-	11.7073	4.87e-05	0.216	CTGGGAGA
IKZF1_MOUSE.H11MO.0.C	IKZF1	6_55294776_55295228	56	63	-	11.7073	4.87e-05	0.216	CTGGGAGA
IKZF1_MOUSE.H11MO.0.C	IKZF1	15_73789934_73790138	63	70	+	11.7073	4.87e-05	0.216	CTGGGAGA
IKZF1_MOUSE.H11MO.0.C	IKZF1	7_29123657_29123930	64	71	+	11.7073	4.87e-05	0.216	ctgggaga
IKZF1_MOUSE.H11MO.0.C	IKZF1	2_6284831_6285052	65	72	+	11.7073	4.87e-05	0.216	CTGGGAGA
IKZF1_MOUSE.H11MO.0.C	IKZF1	9_61119245_61119548	60	67	-	11.7073	4.87e-05	0.216	CTGGGAGA
IKZF1_MOUSE.H11MO.0.C	IKZF1	1_152749350_152749528	74	81	+	11.7073	4.87e-05	0.216	CTGGGAGA
IKZF1_MOUSE.H11MO.0.C	IKZF1	14_64046335_64046783	78	85	+	11.7073	4.87e-05	0.216	CTGGGAGA
IKZF1_MOUSE.H11MO.0.C	IKZF1	4_123239794_123240277	85	92	+	11.7073	4.87e-05	0.216	CTGGGAGA
IKZF1_MOUSE.H11MO.0.C	IKZF1	10_31592780_31593026	91	98	+	11.7073	4.87e-05	0.216	CTGGGAGA
IKZF1_MOUSE.H11MO.0.C	IKZF1	18_38939250_38939538	96	103	+	11.7073	4.87e-05	0.216	CTGGGAGA
IKZF1_MOUSE.H11MO.0.C	IKZF1	17_8436191_8436587	100	107	+	11.7073	4.87e-05	0.216	CTGGGAGA
IKZF1_MOUSE.H11MO.0.C	IKZF1	3_140950433_140950702	101	108	+	11.7073	4.87e-05	0.216	CTGGGAGA
IKZF1_MOUSE.H11MO.0.C	IKZF1	12_75855038_75855480	102	109	+	11.7073	4.87e-05	0.216	CTGGGAGA
IKZF1_MOUSE.H11MO.0.C	IKZF1	9_42555203_42555456	102	109	+	11.7073	4.87e-05	0.216	CTGGGAGA
IKZF1_MOUSE.H11MO.0.C	IKZF1	18_75502736_75503245	96	103	-	11.7073	4.87e-05	0.216	CTGGGAGA
IKZF1_MOUSE.H11MO.0.C	IKZF1	4_47293710_47294195	96	103	-	11.7073	4.87e-05	0.216	CTGGGAGA
IKZF1_MOUSE.H11MO.0.C	IKZF1	9_116324406_116324622	104	111	+	11.7073	4.87e-05	0.216	CTGGGAGA
IKZF1_MOUSE.H11MO.0.C	IKZF1	6_56870083_56870310	108	115	+	11.7073	4.87e-05	0.216	CTGGGAGA
IKZF1_MOUSE.H11MO.0.C	IKZF1	9_69319945_69320410	110	117	-	11.7073	4.87e-05	0.216	CTGGGAGA
IKZF1_MOUSE.H11MO.0.C	IKZF1	15_100677888_100678148	118	125	+	11.7073	4.87e-05	0.216	CTGGGAGA
IKZF1_MOUSE.H11MO.0.C	IKZF1	10_77673865_77674239	113	120	-	11.7073	4.87e-05	0.216	CTGGGAGA
IKZF1_MOUSE.H11MO.0.C	IKZF1	10_40525772_40526122	118	125	-	11.7073	4.87e-05	0.216	CTGGGAGA
IKZF1_MOUSE.H11MO.0.C	IKZF1	7_99594377_99594936	126	133	+	11.7073	4.87e-05	0.216	CTGGGAGA
IKZF1_MOUSE.H11MO.0.C	IKZF1	17_48272326_48272526	120	127	-	11.7073	4.87e-05	0.216	CTGGGAGA
IKZF1_MOUSE.H11MO.0.C	IKZF1	11_90664379_90664645	131	138	+	11.7073	4.87e-05	0.216	CTGGGAGA
IKZF1_MOUSE.H11MO.0.C	IKZF1	9_112174777_112175082	124	131	-	11.7073	4.87e-05	0.216	CTGGGAGA
IKZF1_MOUSE.H11MO.0.C	IKZF1	8_122321656_122321913	132	139	+	11.7073	4.87e-05	0.216	CTGGGAGA
IKZF1_MOUSE.H11MO.0.C	IKZF1	10_80627731_80628093	143	150	+	11.7073	4.87e-05	0.216	CTGGGAGA
IKZF1_MOUSE.H11MO.0.C	IKZF1	11_101485520_101485734	139	146	-	11.7073	4.87e-05	0.216	CTGGGAGA
IKZF1_MOUSE.H11MO.0.C	IKZF1	2_158606736_158606908	148	155	+	11.7073	4.87e-05	0.216	CTGGGAGA
IKZF1_MOUSE.H11MO.0.C	IKZF1	2_103893767_103894167	146	153	-	11.7073	4.87e-05	0.216	CTGGGAGA
IKZF1_MOUSE.H11MO.0.C	IKZF1	5_123333668_123334122	153	160	+	11.7073	4.87e-05	0.216	CTGGGAGA
IKZF1_MOUSE.H11MO.0.C	IKZF1	4_43516065_43516283	146	153	-	11.7073	4.87e-05	0.216	CTGGGAGA
IKZF1_MOUSE.H11MO.0.C	IKZF1	13_95842042_95842267	148	155	-	11.7073	4.87e-05	0.216	CTGGGAGA
IKZF1_MOUSE.H11MO.0.C	IKZF1	1_132374252_132374456	155	162	+	11.7073	4.87e-05	0.216	CTGGGAGA
IKZF1_MOUSE.H11MO.0.C	IKZF1	18_4775029_4775504	149	156	-	11.7073	4.87e-05	0.216	CTGGGAGA
IKZF1_MOUSE.H11MO.0.C	IKZF1	19_54087383_54087597	157	164	+	11.7073	4.87e-05	0.216	CTGGGAGA
IKZF1_MOUSE.H11MO.0.C	IKZF1	13_54322424_54322890	152	159	-	11.7073	4.87e-05	0.216	CTGGGAGA
IKZF1_MOUSE.H11MO.0.C	IKZF1	2_170322003_170322398	164	171	+	11.7073	4.87e-05	0.216	CTGGGAGA
IKZF1_MOUSE.H11MO.0.C	IKZF1	18_32538274_32538654	165	172	+	11.7073	4.87e-05	0.216	CTGGGAGA
IKZF1_MOUSE.H11MO.0.C	IKZF1	1_85114171_85114396	160	167	-	11.7073	4.87e-05	0.216	CTGGGAGA
IKZF1_MOUSE.H11MO.0.C	IKZF1	17_50182446_50182933	174	181	+	11.7073	4.87e-05	0.216	CTGGGAGA
IKZF1_MOUSE.H11MO.0.C	IKZF1	13_94264005_94264204	172	179	-	11.7073	4.87e-05	0.216	CTGGGAGA
IKZF1_MOUSE.H11MO.0.C	IKZF1	14_115979198_115979594	179	186	+	11.7073	4.87e-05	0.216	CTGGGAGA
IKZF1_MOUSE.H11MO.0.C	IKZF1	8_104076964_104077149	173	180	-	11.7073	4.87e-05	0.216	CTGGGAGA
IKZF1_MOUSE.H11MO.0.C	IKZF1	14_22759654_22760078	181	188	+	11.7073	4.87e-05	0.216	CTGGGAGA
IKZF1_MOUSE.H11MO.0.C	IKZF1	11_102611506_102611811	184	191	+	11.7073	4.87e-05	0.216	CTGGGAGA
IKZF1_MOUSE.H11MO.0.C	IKZF1	9_65492832_65493113	178	185	-	11.7073	4.87e-05	0.216	CTGGGAGA
IKZF1_MOUSE.H11MO.0.C	IKZF1	7_98486532_98486810	186	193	+	11.7073	4.87e-05	0.216	CTGGGAGA
IKZF1_MOUSE.H11MO.0.C	IKZF1	13_94354583_94355017	190	197	-	11.7073	4.87e-05	0.216	CTGGGAGA
IKZF1_MOUSE.H11MO.0.C	IKZF1	19_16992197_16992431	190	197	-	11.7073	4.87e-05	0.216	CTGGGAGA
IKZF1_MOUSE.H11MO.0.C	IKZF1	11_49981695_49981989	199	206	+	11.7073	4.87e-05	0.216	CTGGGAGA
IKZF1_MOUSE.H11MO.0.C	IKZF1	11_53143584_53143835	200	207	+	11.7073	4.87e-05	0.216	CTGGGAGA
IKZF1_MOUSE.H11MO.0.C	IKZF1	13_99320688_99320969	206	213	+	11.7073	4.87e-05	0.216	CTGGGAGA
IKZF1_MOUSE.H11MO.0.C	IKZF1	13_35615138_35615567	200	207	-	11.7073	4.87e-05	0.216	CTGGGAGA
IKZF1_MOUSE.H11MO.0.C	IKZF1	4_119077051_119077595	201	208	-	11.7073	4.87e-05	0.216	CTGGGAGA
IKZF1_MOUSE.H11MO.0.C	IKZF1	17_50182446_50182933	211	218	+	11.7073	4.87e-05	0.216	CTGGGAGA
IKZF1_MOUSE.H11MO.0.C	IKZF1	10_42244497_42244847	214	221	+	11.7073	4.87e-05	0.216	CTGGGAGA
IKZF1_MOUSE.H11MO.0.C	IKZF1	15_78325650_78326174	215	222	+	11.7073	4.87e-05	0.216	ctgggaga
IKZF1_MOUSE.H11MO.0.C	IKZF1	7_24623922_24624210	215	222	+	11.7073	4.87e-05	0.216	CTGGGAGA
IKZF1_MOUSE.H11MO.0.C	IKZF1	15_42438047_42438527	215	222	+	11.7073	4.87e-05	0.216	CTGGGAGA
IKZF1_MOUSE.H11MO.0.C	IKZF1	10_60814451_60814683	210	217	-	11.7073	4.87e-05	0.216	CTGGGAGA
IKZF1_MOUSE.H11MO.0.C	IKZF1	5_115186637_115186982	220	227	+	11.7073	4.87e-05	0.216	CTGGGAGA
IKZF1_MOUSE.H11MO.0.C	IKZF1	3_27258399_27258873	220	227	+	11.7073	4.87e-05	0.216	ctgggaga
IKZF1_MOUSE.H11MO.0.C	IKZF1	7_120875122_120875524	214	221	-	11.7073	4.87e-05	0.216	CTGGGAGA
IKZF1_MOUSE.H11MO.0.C	IKZF1	4_32289832_32290340	221	228	+	11.7073	4.87e-05	0.216	CTGGGAGA
IKZF1_MOUSE.H11MO.0.C	IKZF1	13_106700007_106700374	223	230	+	11.7073	4.87e-05	0.216	CTGGGAGA
IKZF1_MOUSE.H11MO.0.C	IKZF1	9_99432467_99432885	220	227	-	11.7073	4.87e-05	0.216	CTGGGAGA
IKZF1_MOUSE.H11MO.0.C	IKZF1	10_75170468_75170849	224	231	-	11.7073	4.87e-05	0.216	CTGGGAGA
IKZF1_MOUSE.H11MO.0.C	IKZF1	15_99664485_99665096	233	240	+	11.7073	4.87e-05	0.216	CTGGGAGA
IKZF1_MOUSE.H11MO.0.C	IKZF1	19_58452797_58453453	247	254	+	11.7073	4.87e-05	0.216	CTGGGAGA
IKZF1_MOUSE.H11MO.0.C	IKZF1	16_96594222_96594516	244	251	-	11.7073	4.87e-05	0.216	CTGGGAGA
IKZF1_MOUSE.H11MO.0.C	IKZF1	2_53479190_53479524	249	256	-	11.7073	4.87e-05	0.216	CTGGGAGA
IKZF1_MOUSE.H11MO.0.C	IKZF1	14_62163068_62163345	257	264	+	11.7073	4.87e-05	0.216	CTGGGAGA
IKZF1_MOUSE.H11MO.0.C	IKZF1	1_75505481_75505764	257	264	-	11.7073	4.87e-05	0.216	CTGGGAGA
IKZF1_MOUSE.H11MO.0.C	IKZF1	15_73637554_73637875	266	273	+	11.7073	4.87e-05	0.216	CTGGGAGA
IKZF1_MOUSE.H11MO.0.C	IKZF1	16_18194863_18195457	270	277	+	11.7073	4.87e-05	0.216	CTGGGAGA
IKZF1_MOUSE.H11MO.0.C	IKZF1	17_31746838_31747148	278	285	+	11.7073	4.87e-05	0.216	CTGGGAGA
IKZF1_MOUSE.H11MO.0.C	IKZF1	11_5502436_5502746	274	281	-	11.7073	4.87e-05	0.216	CTGGGAGA
IKZF1_MOUSE.H11MO.0.C	IKZF1	9_71606286_71607086	284	291	+	11.7073	4.87e-05	0.216	CTGGGAGA
IKZF1_MOUSE.H11MO.0.C	IKZF1	8_127516077_127516425	284	291	+	11.7073	4.87e-05	0.216	CTGGGAGA
IKZF1_MOUSE.H11MO.0.C	IKZF1	9_120049400_120049719	284	291	+	11.7073	4.87e-05	0.216	CTGGGAGA
IKZF1_MOUSE.H11MO.0.C	IKZF1	6_122937416_122937972	288	295	+	11.7073	4.87e-05	0.216	CTGGGAGA
IKZF1_MOUSE.H11MO.0.C	IKZF1	7_24897217_24897575	295	302	+	11.7073	4.87e-05	0.216	CTGGGAGA
IKZF1_MOUSE.H11MO.0.C	IKZF1	10_79884407_79884836	296	303	+	11.7073	4.87e-05	0.216	CTGGGAGA
IKZF1_MOUSE.H11MO.0.C	IKZF1	19_42752462_42752992	290	297	-	11.7073	4.87e-05	0.216	CTGGGAGA
IKZF1_MOUSE.H11MO.0.C	IKZF1	2_104098471_104098885	308	315	+	11.7073	4.87e-05	0.216	CTGGGAGA
IKZF1_MOUSE.H11MO.0.C	IKZF1	11_64037351_64037830	304	311	-	11.7073	4.87e-05	0.216	CTGGGAGA
IKZF1_MOUSE.H11MO.0.C	IKZF1	18_77856600_77856955	312	319	-	11.7073	4.87e-05	0.216	CTGGGAGA
IKZF1_MOUSE.H11MO.0.C	IKZF1	6_55294776_55295228	312	319	-	11.7073	4.87e-05	0.216	CTGGGAGA
IKZF1_MOUSE.H11MO.0.C	IKZF1	7_115550480_115550838	318	325	-	11.7073	4.87e-05	0.216	CTGGGAGA
IKZF1_MOUSE.H11MO.0.C	IKZF1	6_13617088_13617577	324	331	-	11.7073	4.87e-05	0.216	CTGGGAGA
IKZF1_MOUSE.H11MO.0.C	IKZF1	6_145106221_145106680	333	340	+	11.7073	4.87e-05	0.216	CTGGGAGA
IKZF1_MOUSE.H11MO.0.C	IKZF1	12_100508641_100509025	327	334	-	11.7073	4.87e-05	0.216	CTGGGAGA
IKZF1_MOUSE.H11MO.0.C	IKZF1	19_42711712_42712251	334	341	+	11.7073	4.87e-05	0.216	CTGGGAGA
IKZF1_MOUSE.H11MO.0.C	IKZF1	6_86493882_86494278	356	363	+	11.7073	4.87e-05	0.216	CTGGGAGA
IKZF1_MOUSE.H11MO.0.C	IKZF1	2_156324091_156324546	363	370	+	11.7073	4.87e-05	0.216	CTGGGAGA
IKZF1_MOUSE.H11MO.0.C	IKZF1	5_77386174_77386687	366	373	-	11.7073	4.87e-05	0.216	CTGGGAGA
IKZF1_MOUSE.H11MO.0.C	IKZF1	9_14717977_14718444	377	384	+	11.7073	4.87e-05	0.216	CTGGGAGA
IKZF1_MOUSE.H11MO.0.C	IKZF1	7_93044357_93044798	392	399	+	11.7073	4.87e-05	0.216	CTGGGAGA
IKZF1_MOUSE.H11MO.0.C	IKZF1	13_23913867_23914371	425	432	-	11.7073	4.87e-05	0.216	CTGGGAGA
IKZF1_MOUSE.H11MO.0.C	IKZF1	11_76709733_76710245	460	467	+	11.7073	4.87e-05	0.216	CTGGGAGA
IKZF1_MOUSE.H11MO.0.C	IKZF1	6_3182494_3183843	472	479	+	11.7073	4.87e-05	0.216	CTGGGAGA
IKZF1_MOUSE.H11MO.0.C	IKZF1	7_130839460_130839992	485	492	+	11.7073	4.87e-05	0.216	ctgggaga
IKZF1_MOUSE.H11MO.0.C	IKZF1	1_170510581_170511315	516	523	-	11.7073	4.87e-05	0.216	CTGGGAGA
IKZF1_MOUSE.H11MO.0.C	IKZF1	7_80208712_80209344	568	575	-	11.7073	4.87e-05	0.216	CTGGGAGA
IKZF1_MOUSE.H11MO.0.C	IKZF1	17_84419723_84420339	579	586	+	11.7073	4.87e-05	0.216	CTGGGAGA
IKZF1_MOUSE.H11MO.0.C	IKZF1	13_58600744_58601601	665	672	-	11.7073	4.87e-05	0.216	CTGGGAGA
IKZF1_MOUSE.H11MO.0.C	IKZF1	2_84842046_84842305	1	8	+	11.5488	5.86e-05	0.216	GTGGGAGG
IKZF1_MOUSE.H11MO.0.C	IKZF1	18_47172848_47173111	5	12	+	11.5488	5.86e-05	0.216	GTGGGAGG
IKZF1_MOUSE.H11MO.0.C	IKZF1	16_32665890_32666594	9	16	+	11.5488	5.86e-05	0.216	GTGGGAGG
IKZF1_MOUSE.H11MO.0.C	IKZF1	10_120216871_120217339	4	11	-	11.5488	5.86e-05	0.216	GTGGGAGG
IKZF1_MOUSE.H11MO.0.C	IKZF1	7_71960734_71961258	20	27	+	11.5488	5.86e-05	0.216	GTGGGAGG
IKZF1_MOUSE.H11MO.0.C	IKZF1	17_23868541_23868800	27	34	+	11.5488	5.86e-05	0.216	GTGGGAGG
IKZF1_MOUSE.H11MO.0.C	IKZF1	15_42438047_42438527	32	39	+	11.5488	5.86e-05	0.216	GTGGGAGG
IKZF1_MOUSE.H11MO.0.C	IKZF1	9_21348232_21348467	27	34	-	11.5488	5.86e-05	0.216	GTGGGAGG
IKZF1_MOUSE.H11MO.0.C	IKZF1	12_75320695_75320938	35	42	+	11.5488	5.86e-05	0.216	GTGGGAGG
IKZF1_MOUSE.H11MO.0.C	IKZF1	19_5945080_5945332	36	43	+	11.5488	5.86e-05	0.216	GTGGGAGG
IKZF1_MOUSE.H11MO.0.C	IKZF1	17_74710856_74711139	33	40	-	11.5488	5.86e-05	0.216	GTGGGAGG
IKZF1_MOUSE.H11MO.0.C	IKZF1	10_79884407_79884836	40	47	+	11.5488	5.86e-05	0.216	GTGGGAGG
IKZF1_MOUSE.H11MO.0.C	IKZF1	12_108639141_108639416	40	47	+	11.5488	5.86e-05	0.216	gtgggagg
IKZF1_MOUSE.H11MO.0.C	IKZF1	4_149675756_149676299	35	42	-	11.5488	5.86e-05	0.216	GTGGGAGG
IKZF1_MOUSE.H11MO.0.C	IKZF1	17_56309506_56309986	43	50	+	11.5488	5.86e-05	0.216	GTGGGAGG
IKZF1_MOUSE.H11MO.0.C	IKZF1	1_80389383_80389822	39	46	-	11.5488	5.86e-05	0.216	GTGGGAGG
IKZF1_MOUSE.H11MO.0.C	IKZF1	11_102611506_102611811	51	58	+	11.5488	5.86e-05	0.216	GTGGGAGG
IKZF1_MOUSE.H11MO.0.C	IKZF1	11_115233492_115233705	44	51	-	11.5488	5.86e-05	0.216	GTGGGAGG
IKZF1_MOUSE.H11MO.0.C	IKZF1	9_31121293_31121467	51	58	+	11.5488	5.86e-05	0.216	GTGGGAGG
IKZF1_MOUSE.H11MO.0.C	IKZF1	10_120216871_120217339	44	51	-	11.5488	5.86e-05	0.216	GTGGGAGG
IKZF1_MOUSE.H11MO.0.C	IKZF1	18_5809440_5809630	48	55	-	11.5488	5.86e-05	0.216	GTGGGAGG
IKZF1_MOUSE.H11MO.0.C	IKZF1	7_29339289_29339484	48	55	-	11.5488	5.86e-05	0.216	GTGGGAGG
IKZF1_MOUSE.H11MO.0.C	IKZF1	18_38080848_38081143	56	63	+	11.5488	5.86e-05	0.216	GTGGGAGG
IKZF1_MOUSE.H11MO.0.C	IKZF1	15_84359274_84359550	58	65	+	11.5488	5.86e-05	0.216	gtgggagg
IKZF1_MOUSE.H11MO.0.C	IKZF1	9_62435857_62436162	59	66	+	11.5488	5.86e-05	0.216	GTGGGAGG
IKZF1_MOUSE.H11MO.0.C	IKZF1	3_59058986_59059550	52	59	-	11.5488	5.86e-05	0.216	GTGGGAGG
IKZF1_MOUSE.H11MO.0.C	IKZF1	1_42865438_42865831	53	60	-	11.5488	5.86e-05	0.216	GTGGGAGG
IKZF1_MOUSE.H11MO.0.C	IKZF1	15_67423923_67424452	58	65	-	11.5488	5.86e-05	0.216	GTGGGAGG
IKZF1_MOUSE.H11MO.0.C	IKZF1	9_61478895_61479243	60	67	-	11.5488	5.86e-05	0.216	GTGGGAGG
IKZF1_MOUSE.H11MO.0.C	IKZF1	11_82006808_82007383	60	67	-	11.5488	5.86e-05	0.216	GTGGGAGG
IKZF1_MOUSE.H11MO.0.C	IKZF1	10_84903794_84904178	61	68	-	11.5488	5.86e-05	0.216	GTGGGAGG
IKZF1_MOUSE.H11MO.0.C	IKZF1	12_79838254_79838685	63	70	-	11.5488	5.86e-05	0.216	GTGGGAGG
IKZF1_MOUSE.H11MO.0.C	IKZF1	11_103006920_103007352	66	73	-	11.5488	5.86e-05	0.216	GTGGGAGG
IKZF1_MOUSE.H11MO.0.C	IKZF1	19_6487305_6487749	66	73	-	11.5488	5.86e-05	0.216	GTGGGAGG
IKZF1_MOUSE.H11MO.0.C	IKZF1	12_4872941_4873259	74	81	+	11.5488	5.86e-05	0.216	GTGGGAGG
IKZF1_MOUSE.H11MO.0.C	IKZF1	8_22209119_22209414	69	76	-	11.5488	5.86e-05	0.216	GTGGGAGG
IKZF1_MOUSE.H11MO.0.C	IKZF1	4_140531093_140531383	77	84	+	11.5488	5.86e-05	0.216	gtgggagg
IKZF1_MOUSE.H11MO.0.C	IKZF1	17_83348565_83348723	84	91	+	11.5488	5.86e-05	0.216	gtgggagg
IKZF1_MOUSE.H11MO.0.C	IKZF1	3_85482709_85482878	77	84	-	11.5488	5.86e-05	0.216	GTGGGAGG
IKZF1_MOUSE.H11MO.0.C	IKZF1	4_149840981_149841220	85	92	+	11.5488	5.86e-05	0.216	GTGGGAGG
IKZF1_MOUSE.H11MO.0.C	IKZF1	17_50182446_50182933	86	93	+	11.5488	5.86e-05	0.216	GTGGGAGG
IKZF1_MOUSE.H11MO.0.C	IKZF1	3_146571519_146571747	86	93	+	11.5488	5.86e-05	0.216	GTGGGAGG
IKZF1_MOUSE.H11MO.0.C	IKZF1	10_43424504_43424867	88	95	+	11.5488	5.86e-05	0.216	gtgggagg
IKZF1_MOUSE.H11MO.0.C	IKZF1	14_14514571_14514942	89	96	+	11.5488	5.86e-05	0.216	GTGGGAGG
IKZF1_MOUSE.H11MO.0.C	IKZF1	16_6100648_6100872	84	91	-	11.5488	5.86e-05	0.216	GTGGGAGG
IKZF1_MOUSE.H11MO.0.C	IKZF1	13_73702733_73703133	84	91	-	11.5488	5.86e-05	0.216	GTGGGAGG
IKZF1_MOUSE.H11MO.0.C	IKZF1	10_13837657_13838022	92	99	+	11.5488	5.86e-05	0.216	GTGGGAGG
IKZF1_MOUSE.H11MO.0.C	IKZF1	7_122415481_122415708	93	100	+	11.5488	5.86e-05	0.216	GTGGGAGG
IKZF1_MOUSE.H11MO.0.C	IKZF1	4_56757283_56757618	90	97	-	11.5488	5.86e-05	0.216	GTGGGAGG
IKZF1_MOUSE.H11MO.0.C	IKZF1	6_39278322_39278660	90	97	-	11.5488	5.86e-05	0.216	GTGGGAGG
IKZF1_MOUSE.H11MO.0.C	IKZF1	12_110974848_110975064	90	97	-	11.5488	5.86e-05	0.216	GTGGGAGG
IKZF1_MOUSE.H11MO.0.C	IKZF1	8_108867991_108868259	98	105	+	11.5488	5.86e-05	0.216	GTGGGAGG
IKZF1_MOUSE.H11MO.0.C	IKZF1	3_85482709_85482878	91	98	-	11.5488	5.86e-05	0.216	GTGGGAGG
IKZF1_MOUSE.H11MO.0.C	IKZF1	2_119005741_119006121	92	99	-	11.5488	5.86e-05	0.216	GTGGGAGG
IKZF1_MOUSE.H11MO.0.C	IKZF1	7_25112608_25112848	100	107	+	11.5488	5.86e-05	0.216	GTGGGAGG
IKZF1_MOUSE.H11MO.0.C	IKZF1	16_5029911_5030265	99	106	-	11.5488	5.86e-05	0.216	GTGGGAGG
IKZF1_MOUSE.H11MO.0.C	IKZF1	1_75524708_75525072	101	108	-	11.5488	5.86e-05	0.216	GTGGGAGG
IKZF1_MOUSE.H11MO.0.C	IKZF1	17_24860164_24860452	109	116	+	11.5488	5.86e-05	0.216	GTGGGAGG
IKZF1_MOUSE.H11MO.0.C	IKZF1	5_122775117_122775328	102	109	-	11.5488	5.86e-05	0.216	GTGGGAGG
IKZF1_MOUSE.H11MO.0.C	IKZF1	16_4029296_4029711	110	117	+	11.5488	5.86e-05	0.216	GTGGGAGG
IKZF1_MOUSE.H11MO.0.C	IKZF1	11_4442402_4442648	105	112	-	11.5488	5.86e-05	0.216	GTGGGAGG
IKZF1_MOUSE.H11MO.0.C	IKZF1	14_118551824_118552190	114	121	+	11.5488	5.86e-05	0.216	GTGGGAGG
IKZF1_MOUSE.H11MO.0.C	IKZF1	8_120369927_120370384	114	121	+	11.5488	5.86e-05	0.216	GTGGGAGG
IKZF1_MOUSE.H11MO.0.C	IKZF1	7_29392951_29393211	108	115	-	11.5488	5.86e-05	0.216	GTGGGAGG
IKZF1_MOUSE.H11MO.0.C	IKZF1	11_75270345_75270546	108	115	-	11.5488	5.86e-05	0.216	GTGGGAGG
IKZF1_MOUSE.H11MO.0.C	IKZF1	8_35403547_35403702	119	126	+	11.5488	5.86e-05	0.216	gtgggagg
IKZF1_MOUSE.H11MO.0.C	IKZF1	2_71751435_71751708	120	127	+	11.5488	5.86e-05	0.216	GTGGGAGG
IKZF1_MOUSE.H11MO.0.C	IKZF1	1_180944649_180944933	121	128	+	11.5488	5.86e-05	0.216	GTGGGAGG
IKZF1_MOUSE.H11MO.0.C	IKZF1	6_21955453_21955864	122	129	+	11.5488	5.86e-05	0.216	gtgggagg
IKZF1_MOUSE.H11MO.0.C	IKZF1	13_37442130_37442417	116	123	-	11.5488	5.86e-05	0.216	GTGGGAGG
IKZF1_MOUSE.H11MO.0.C	IKZF1	9_89972838_89973110	116	123	-	11.5488	5.86e-05	0.216	GTGGGAGG
IKZF1_MOUSE.H11MO.0.C	IKZF1	5_136226228_136226625	123	130	+	11.5488	5.86e-05	0.216	GTGGGAGG
IKZF1_MOUSE.H11MO.0.C	IKZF1	19_6487305_6487749	117	124	-	11.5488	5.86e-05	0.216	GTGGGAGG
IKZF1_MOUSE.H11MO.0.C	IKZF1	5_136465447_136465786	124	131	+	11.5488	5.86e-05	0.216	GTGGGAGG
IKZF1_MOUSE.H11MO.0.C	IKZF1	3_85482709_85482878	119	126	-	11.5488	5.86e-05	0.216	GTGGGAGG
IKZF1_MOUSE.H11MO.0.C	IKZF1	2_59628012_59628316	127	134	+	11.5488	5.86e-05	0.216	GTGGGAGG
IKZF1_MOUSE.H11MO.0.C	IKZF1	10_120216871_120217339	124	131	-	11.5488	5.86e-05	0.216	GTGGGAGG
IKZF1_MOUSE.H11MO.0.C	IKZF1	5_35313373_35313678	136	143	+	11.5488	5.86e-05	0.216	GTGGGAGG
IKZF1_MOUSE.H11MO.0.C	IKZF1	17_65789017_65789244	136	143	+	11.5488	5.86e-05	0.216	GTGGGAGG
IKZF1_MOUSE.H11MO.0.C	IKZF1	2_85150500_85150749	138	145	+	11.5488	5.86e-05	0.216	GTGGGAGG
IKZF1_MOUSE.H11MO.0.C	IKZF1	14_78732622_78733014	132	139	-	11.5488	5.86e-05	0.216	GTGGGAGG
IKZF1_MOUSE.H11MO.0.C	IKZF1	11_31386563_31386928	132	139	-	11.5488	5.86e-05	0.216	GTGGGAGG
IKZF1_MOUSE.H11MO.0.C	IKZF1	16_36636904_36637054	132	139	-	11.5488	5.86e-05	0.216	GTGGGAGG
IKZF1_MOUSE.H11MO.0.C	IKZF1	2_53051481_53051989	140	147	+	11.5488	5.86e-05	0.216	GTGGGAGG
IKZF1_MOUSE.H11MO.0.C	IKZF1	8_69866765_69867408	144	151	+	11.5488	5.86e-05	0.216	gtgggagg
IKZF1_MOUSE.H11MO.0.C	IKZF1	5_114606094_114606413	146	153	+	11.5488	5.86e-05	0.216	GTGGGAGG
IKZF1_MOUSE.H11MO.0.C	IKZF1	4_140531093_140531383	147	154	+	11.5488	5.86e-05	0.216	gtgggagg
IKZF1_MOUSE.H11MO.0.C	IKZF1	4_94999247_94999690	140	147	-	11.5488	5.86e-05	0.216	GTGGGAGG
IKZF1_MOUSE.H11MO.0.C	IKZF1	15_79733671_79734019	152	159	+	11.5488	5.86e-05	0.216	GTGGGAGG
IKZF1_MOUSE.H11MO.0.C	IKZF1	15_96743417_96743709	154	161	+	11.5488	5.86e-05	0.216	GTGGGAGG
IKZF1_MOUSE.H11MO.0.C	IKZF1	6_56879340_56879826	155	162	+	11.5488	5.86e-05	0.216	GTGGGAGG
IKZF1_MOUSE.H11MO.0.C	IKZF1	9_65217957_65218201	157	164	+	11.5488	5.86e-05	0.216	GTGGGAGG
IKZF1_MOUSE.H11MO.0.C	IKZF1	2_35308176_35308550	150	157	-	11.5488	5.86e-05	0.216	GTGGGAGG
IKZF1_MOUSE.H11MO.0.C	IKZF1	11_51943204_51943561	156	163	-	11.5488	5.86e-05	0.216	GTGGGAGG
IKZF1_MOUSE.H11MO.0.C	IKZF1	13_24684513_24684863	160	167	-	11.5488	5.86e-05	0.216	GTGGGAGG
IKZF1_MOUSE.H11MO.0.C	IKZF1	9_62622216_62622431	161	168	-	11.5488	5.86e-05	0.216	GTGGGAGG
IKZF1_MOUSE.H11MO.0.C	IKZF1	5_134412329_134412675	168	175	+	11.5488	5.86e-05	0.216	gtgggagg
IKZF1_MOUSE.H11MO.0.C	IKZF1	9_72409393_72409901	163	170	-	11.5488	5.86e-05	0.216	GTGGGAGG
IKZF1_MOUSE.H11MO.0.C	IKZF1	10_120216871_120217339	164	171	-	11.5488	5.86e-05	0.216	GTGGGAGG
IKZF1_MOUSE.H11MO.0.C	IKZF1	10_94804102_94804316	164	171	-	11.5488	5.86e-05	0.216	GTGGGAGG
IKZF1_MOUSE.H11MO.0.C	IKZF1	17_56153691_56154045	167	174	-	11.5488	5.86e-05	0.216	GTGGGAGG
IKZF1_MOUSE.H11MO.0.C	IKZF1	10_121501172_121501474	174	181	+	11.5488	5.86e-05	0.216	gtgggagg
IKZF1_MOUSE.H11MO.0.C	IKZF1	4_11674181_11674487	177	184	+	11.5488	5.86e-05	0.216	GTGGGAGG
IKZF1_MOUSE.H11MO.0.C	IKZF1	1_152718190_152718504	180	187	+	11.5488	5.86e-05	0.216	GTGGGAgg
IKZF1_MOUSE.H11MO.0.C	IKZF1	2_90531351_90531692	173	180	-	11.5488	5.86e-05	0.216	GTGGGAGG
IKZF1_MOUSE.H11MO.0.C	IKZF1	13_51926814_51927251	181	188	+	11.5488	5.86e-05	0.216	GTGGGAGG
IKZF1_MOUSE.H11MO.0.C	IKZF1	4_140531093_140531383	182	189	+	11.5488	5.86e-05	0.216	gtgggagg
IKZF1_MOUSE.H11MO.0.C	IKZF1	19_21946536_21946851	183	190	+	11.5488	5.86e-05	0.216	GTGGGAGG
IKZF1_MOUSE.H11MO.0.C	IKZF1	13_97778696_97779247	177	184	-	11.5488	5.86e-05	0.216	GTGGGAGG
IKZF1_MOUSE.H11MO.0.C	IKZF1	1_36130284_36130694	179	186	-	11.5488	5.86e-05	0.216	GTGGGAGG
IKZF1_MOUSE.H11MO.0.C	IKZF1	4_40329686_40330137	180	187	-	11.5488	5.86e-05	0.216	GTGGGAGG
IKZF1_MOUSE.H11MO.0.C	IKZF1	10_70243122_70243431	180	187	-	11.5488	5.86e-05	0.216	GTGGGAGG
IKZF1_MOUSE.H11MO.0.C	IKZF1	16_48252852_48253269	184	191	-	11.5488	5.86e-05	0.216	GTGGGAGG
IKZF1_MOUSE.H11MO.0.C	IKZF1	6_134090353_134090707	189	196	-	11.5488	5.86e-05	0.216	GTGGGAGG
IKZF1_MOUSE.H11MO.0.C	IKZF1	2_127854385_127854639	192	199	-	11.5488	5.86e-05	0.216	GTGGGAGG
IKZF1_MOUSE.H11MO.0.C	IKZF1	9_28101980_28102300	192	199	-	11.5488	5.86e-05	0.216	GTGGGAGG
IKZF1_MOUSE.H11MO.0.C	IKZF1	11_49765829_49766270	197	204	-	11.5488	5.86e-05	0.216	GTGGGAGG
IKZF1_MOUSE.H11MO.0.C	IKZF1	12_111896941_111897648	207	214	+	11.5488	5.86e-05	0.216	GTGGGAGG
IKZF1_MOUSE.H11MO.0.C	IKZF1	17_83246095_83246458	201	208	-	11.5488	5.86e-05	0.216	GTGGGAGG
IKZF1_MOUSE.H11MO.0.C	IKZF1	8_69866765_69867408	209	216	+	11.5488	5.86e-05	0.216	gtgggagg
IKZF1_MOUSE.H11MO.0.C	IKZF1	2_153583578_153584114	203	210	-	11.5488	5.86e-05	0.216	GTGGGAGG
IKZF1_MOUSE.H11MO.0.C	IKZF1	6_48429105_48429598	206	213	-	11.5488	5.86e-05	0.216	GTGGGAGG
IKZF1_MOUSE.H11MO.0.C	IKZF1	10_82863164_82863392	207	214	-	11.5488	5.86e-05	0.216	GTGGGAGG
IKZF1_MOUSE.H11MO.0.C	IKZF1	7_46499590_46499924	211	218	-	11.5488	5.86e-05	0.216	GTGGGAGG
IKZF1_MOUSE.H11MO.0.C	IKZF1	15_103339341_103339802	211	218	-	11.5488	5.86e-05	0.216	GTGGGAGG
IKZF1_MOUSE.H11MO.0.C	IKZF1	15_96185284_96185566	215	222	-	11.5488	5.86e-05	0.216	GTGGGAGG
IKZF1_MOUSE.H11MO.0.C	IKZF1	14_63957662_63958155	225	232	+	11.5488	5.86e-05	0.216	GTGGGAGG
IKZF1_MOUSE.H11MO.0.C	IKZF1	7_46445807_46446235	225	232	+	11.5488	5.86e-05	0.216	GTGGGAGG
IKZF1_MOUSE.H11MO.0.C	IKZF1	3_51728415_51728831	218	225	-	11.5488	5.86e-05	0.216	GTGGGAGG
IKZF1_MOUSE.H11MO.0.C	IKZF1	2_156324091_156324546	224	231	-	11.5488	5.86e-05	0.216	GTGGGAGG
IKZF1_MOUSE.H11MO.0.C	IKZF1	9_59360513_59360802	233	240	+	11.5488	5.86e-05	0.216	GTGGGAGG
IKZF1_MOUSE.H11MO.0.C	IKZF1	3_51728415_51728831	226	233	-	11.5488	5.86e-05	0.216	GTGGGAGG
IKZF1_MOUSE.H11MO.0.C	IKZF1	7_145302472_145302905	231	238	-	11.5488	5.86e-05	0.216	GTGGGAGG
IKZF1_MOUSE.H11MO.0.C	IKZF1	8_80923716_80924291	242	249	+	11.5488	5.86e-05	0.216	GTGGGAGG
IKZF1_MOUSE.H11MO.0.C	IKZF1	10_43424504_43424867	237	244	-	11.5488	5.86e-05	0.216	GTGGGAGG
IKZF1_MOUSE.H11MO.0.C	IKZF1	1_131276732_131277201	245	252	+	11.5488	5.86e-05	0.216	GTGGGAGG
IKZF1_MOUSE.H11MO.0.C	IKZF1	7_51724009_51724350	247	254	+	11.5488	5.86e-05	0.216	gtgggagg
IKZF1_MOUSE.H11MO.0.C	IKZF1	18_78123160_78123489	244	251	-	11.5488	5.86e-05	0.216	GTGGGAGG
IKZF1_MOUSE.H11MO.0.C	IKZF1	9_40641422_40641693	244	251	-	11.5488	5.86e-05	0.216	GTGGGAGG
IKZF1_MOUSE.H11MO.0.C	IKZF1	4_149155715_149156149	252	259	+	11.5488	5.86e-05	0.216	GTGGGAGG
IKZF1_MOUSE.H11MO.0.C	IKZF1	5_35103140_35103442	247	254	-	11.5488	5.86e-05	0.216	GTGGGAGG
IKZF1_MOUSE.H11MO.0.C	IKZF1	4_128891162_128891551	249	256	-	11.5488	5.86e-05	0.216	GTGGGAGG
IKZF1_MOUSE.H11MO.0.C	IKZF1	1_105965238_105965554	252	259	-	11.5488	5.86e-05	0.216	GTGGGAGG
IKZF1_MOUSE.H11MO.0.C	IKZF1	4_118489695_118490131	260	267	+	11.5488	5.86e-05	0.216	GTGGGAGG
IKZF1_MOUSE.H11MO.0.C	IKZF1	11_56064581_56064895	262	269	+	11.5488	5.86e-05	0.216	GTGGGAGG
IKZF1_MOUSE.H11MO.0.C	IKZF1	14_54777809_54778264	258	265	-	11.5488	5.86e-05	0.216	GTGGGAGG
IKZF1_MOUSE.H11MO.0.C	IKZF1	14_7928919_7929450	267	274	+	11.5488	5.86e-05	0.216	GTGGGAGG
IKZF1_MOUSE.H11MO.0.C	IKZF1	12_75658506_75658862	266	273	-	11.5488	5.86e-05	0.216	GTGGGAGG
IKZF1_MOUSE.H11MO.0.C	IKZF1	8_69866765_69867408	274	281	+	11.5488	5.86e-05	0.216	gtgggagg
IKZF1_MOUSE.H11MO.0.C	IKZF1	2_144230519_144230848	277	284	+	11.5488	5.86e-05	0.216	GTGGGAGG
IKZF1_MOUSE.H11MO.0.C	IKZF1	16_97310463_97310790	272	279	-	11.5488	5.86e-05	0.216	GTGGGAGG
IKZF1_MOUSE.H11MO.0.C	IKZF1	14_25634333_25634769	280	287	+	11.5488	5.86e-05	0.216	GTGGGAGG
IKZF1_MOUSE.H11MO.0.C	IKZF1	7_115941756_115942262	279	286	-	11.5488	5.86e-05	0.216	GTGGGAGG
IKZF1_MOUSE.H11MO.0.C	IKZF1	2_32222014_32222379	283	290	-	11.5488	5.86e-05	0.216	GTGGGAGG
IKZF1_MOUSE.H11MO.0.C	IKZF1	10_120216871_120217339	284	291	-	11.5488	5.86e-05	0.216	GTGGGAGG
IKZF1_MOUSE.H11MO.0.C	IKZF1	7_66187515_66188294	286	293	-	11.5488	5.86e-05	0.216	GTGGGAGG
IKZF1_MOUSE.H11MO.0.C	IKZF1	11_52523264_52523656	299	306	+	11.5488	5.86e-05	0.216	GTGGGAGG
IKZF1_MOUSE.H11MO.0.C	IKZF1	5_75460455_75460864	301	308	+	11.5488	5.86e-05	0.216	GTGGGAGG
IKZF1_MOUSE.H11MO.0.C	IKZF1	6_88116588_88117383	302	309	+	11.5488	5.86e-05	0.216	GTGGGAGG
IKZF1_MOUSE.H11MO.0.C	IKZF1	8_69866765_69867408	306	313	+	11.5488	5.86e-05	0.216	gtgggagg
IKZF1_MOUSE.H11MO.0.C	IKZF1	1_85901662_85902023	302	309	-	11.5488	5.86e-05	0.216	GTGGGAGG
IKZF1_MOUSE.H11MO.0.C	IKZF1	6_48429105_48429598	311	318	-	11.5488	5.86e-05	0.216	GTGGGAGG
IKZF1_MOUSE.H11MO.0.C	IKZF1	7_111179519_111179970	325	332	+	11.5488	5.86e-05	0.216	GTGGGAGG
IKZF1_MOUSE.H11MO.0.C	IKZF1	8_69866765_69867408	338	345	+	11.5488	5.86e-05	0.216	gtgggagg
IKZF1_MOUSE.H11MO.0.C	IKZF1	1_166053337_166053722	344	351	+	11.5488	5.86e-05	0.216	GTGGGAGG
IKZF1_MOUSE.H11MO.0.C	IKZF1	4_133247808_133248230	346	353	+	11.5488	5.86e-05	0.216	GTGGGAGG
IKZF1_MOUSE.H11MO.0.C	IKZF1	15_25940315_25940930	350	357	-	11.5488	5.86e-05	0.216	GTGGGAGG
IKZF1_MOUSE.H11MO.0.C	IKZF1	2_92649124_92649514	363	370	+	11.5488	5.86e-05	0.216	GTGGGAGG
IKZF1_MOUSE.H11MO.0.C	IKZF1	15_5295835_5296244	365	372	+	11.5488	5.86e-05	0.216	gtgggagg
IKZF1_MOUSE.H11MO.0.C	IKZF1	9_21625153_21626021	379	386	+	11.5488	5.86e-05	0.216	GTGGGAGG
IKZF1_MOUSE.H11MO.0.C	IKZF1	18_35440725_35441188	381	388	+	11.5488	5.86e-05	0.216	GTGGGAGG
IKZF1_MOUSE.H11MO.0.C	IKZF1	3_122406556_122406968	384	391	+	11.5488	5.86e-05	0.216	GTGGGAGG
IKZF1_MOUSE.H11MO.0.C	IKZF1	15_82914394_82914858	377	384	-	11.5488	5.86e-05	0.216	GTGGGAGG
IKZF1_MOUSE.H11MO.0.C	IKZF1	8_117082956_117083400	386	393	+	11.5488	5.86e-05	0.216	GTGGGAGG
IKZF1_MOUSE.H11MO.0.C	IKZF1	19_46455049_46455581	381	388	-	11.5488	5.86e-05	0.216	GTGGGAGG
IKZF1_MOUSE.H11MO.0.C	IKZF1	4_119077051_119077595	388	395	+	11.5488	5.86e-05	0.216	GTGGGAGG
IKZF1_MOUSE.H11MO.0.C	IKZF1	10_4107594_4108054	385	392	-	11.5488	5.86e-05	0.216	GTGGGAGG
IKZF1_MOUSE.H11MO.0.C	IKZF1	8_85379377_85379834	388	395	-	11.5488	5.86e-05	0.216	GTGGGAGG
IKZF1_MOUSE.H11MO.0.C	IKZF1	7_113045678_113046086	390	397	-	11.5488	5.86e-05	0.216	GTGGGAGG
IKZF1_MOUSE.H11MO.0.C	IKZF1	15_103339341_103339802	393	400	-	11.5488	5.86e-05	0.216	GTGGGAGG
IKZF1_MOUSE.H11MO.0.C	IKZF1	8_109578921_109579399	394	401	-	11.5488	5.86e-05	0.216	GTGGGAGG
IKZF1_MOUSE.H11MO.0.C	IKZF1	8_69866765_69867408	403	410	+	11.5488	5.86e-05	0.216	gtgggagg
IKZF1_MOUSE.H11MO.0.C	IKZF1	13_43191677_43192272	408	415	-	11.5488	5.86e-05	0.216	GTGGGAGG
IKZF1_MOUSE.H11MO.0.C	IKZF1	18_64599580_64600122	435	442	+	11.5488	5.86e-05	0.216	GTGGGAGG
IKZF1_MOUSE.H11MO.0.C	IKZF1	11_70129901_70130430	446	453	-	11.5488	5.86e-05	0.216	GTGGGAGG
IKZF1_MOUSE.H11MO.0.C	IKZF1	11_52268251_52268894	460	467	-	11.5488	5.86e-05	0.216	GTGGGAGG
IKZF1_MOUSE.H11MO.0.C	IKZF1	8_69866765_69867408	468	475	+	11.5488	5.86e-05	0.216	gtgggagg
IKZF1_MOUSE.H11MO.0.C	IKZF1	8_69866765_69867408	500	507	+	11.5488	5.86e-05	0.216	gtgggagg
IKZF1_MOUSE.H11MO.0.C	IKZF1	8_69866765_69867408	532	539	+	11.5488	5.86e-05	0.216	gtgggagg
IKZF1_MOUSE.H11MO.0.C	IKZF1	8_69866765_69867408	564	571	+	11.5488	5.86e-05	0.216	gtgggagg
IKZF1_MOUSE.H11MO.0.C	IKZF1	15_99664485_99665096	566	573	+	11.5488	5.86e-05	0.216	GTGGGAGG
IKZF1_MOUSE.H11MO.0.C	IKZF1	8_69866765_69867408	596	603	+	11.5488	5.86e-05	0.216	gtgggagg
IKZF1_MOUSE.H11MO.0.C	IKZF1	8_69866765_69867408	629	636	+	11.5488	5.86e-05	0.216	gtgggagg
IKZF1_MOUSE.H11MO.0.C	IKZF1	6_88116588_88117383	763	770	-	11.5488	5.86e-05	0.216	GTGGGAGG
IKZF1_MOUSE.H11MO.0.C	IKZF1	6_3182494_3183843	1159	1166	+	11.5488	5.86e-05	0.216	GTGGGAGG
IKZF1_MOUSE.H11MO.0.C	IKZF1	10_128516727_128517019	35	42	+	11.439	7.06e-05	0.231	GTGGGAGA
IKZF1_MOUSE.H11MO.0.C	IKZF1	16_30059321_30059582	49	56	+	11.439	7.06e-05	0.231	GTGGGAGA
IKZF1_MOUSE.H11MO.0.C	IKZF1	11_108143837_108144049	51	58	+	11.439	7.06e-05	0.231	GTGGGAGA
IKZF1_MOUSE.H11MO.0.C	IKZF1	8_68416640_68416907	53	60	+	11.439	7.06e-05	0.231	GTGGGAGA
IKZF1_MOUSE.H11MO.0.C	IKZF1	11_6663088_6663393	58	65	+	11.439	7.06e-05	0.231	GTGGGAGA
IKZF1_MOUSE.H11MO.0.C	IKZF1	7_35415971_35416499	69	76	+	11.439	7.06e-05	0.231	GTGGGAGA
IKZF1_MOUSE.H11MO.0.C	IKZF1	4_150461465_150461739	78	85	+	11.439	7.06e-05	0.231	GTGGGAGA
IKZF1_MOUSE.H11MO.0.C	IKZF1	11_97448653_97448879	86	93	+	11.439	7.06e-05	0.231	GTGGGAGA
IKZF1_MOUSE.H11MO.0.C	IKZF1	10_118091513_118091901	86	93	+	11.439	7.06e-05	0.231	GTGGGAGA
IKZF1_MOUSE.H11MO.0.C	IKZF1	2_102201605_102201957	88	95	+	11.439	7.06e-05	0.231	GTGGGAGA
IKZF1_MOUSE.H11MO.0.C	IKZF1	8_14964408_14964638	91	98	+	11.439	7.06e-05	0.231	GTGGGAGA
IKZF1_MOUSE.H11MO.0.C	IKZF1	4_88406898_88407367	107	114	+	11.439	7.06e-05	0.231	GTGGGAGA
IKZF1_MOUSE.H11MO.0.C	IKZF1	4_109445296_109445718	112	119	+	11.439	7.06e-05	0.231	GTGGGAGA
IKZF1_MOUSE.H11MO.0.C	IKZF1	4_142044451_142044665	116	123	+	11.439	7.06e-05	0.231	GTGGGAGA
IKZF1_MOUSE.H11MO.0.C	IKZF1	10_127751633_127751902	122	129	+	11.439	7.06e-05	0.231	GTGGGAGA
IKZF1_MOUSE.H11MO.0.C	IKZF1	5_67633842_67634172	130	137	+	11.439	7.06e-05	0.231	GTGGGAGA
IKZF1_MOUSE.H11MO.0.C	IKZF1	11_4335788_4336104	133	140	+	11.439	7.06e-05	0.231	GTGGGAGA
IKZF1_MOUSE.H11MO.0.C	IKZF1	2_36198504_36198870	142	149	+	11.439	7.06e-05	0.231	GTGGGAGA
IKZF1_MOUSE.H11MO.0.C	IKZF1	11_3127076_3127294	144	151	+	11.439	7.06e-05	0.231	GTGGGAGA
IKZF1_MOUSE.H11MO.0.C	IKZF1	6_125473459_125474112	144	151	+	11.439	7.06e-05	0.231	GTGGGAGA
IKZF1_MOUSE.H11MO.0.C	IKZF1	17_84477220_84477522	156	163	+	11.439	7.06e-05	0.231	GTGGGAGA
IKZF1_MOUSE.H11MO.0.C	IKZF1	19_38026287_38026507	158	165	+	11.439	7.06e-05	0.231	GTGGGAGA
IKZF1_MOUSE.H11MO.0.C	IKZF1	12_112578702_112578954	163	170	+	11.439	7.06e-05	0.231	GTGGGAGA
IKZF1_MOUSE.H11MO.0.C	IKZF1	8_72413943_72414143	173	180	+	11.439	7.06e-05	0.231	GTGGGAGA
IKZF1_MOUSE.H11MO.0.C	IKZF1	11_5502436_5502746	177	184	+	11.439	7.06e-05	0.231	gtgggaga
IKZF1_MOUSE.H11MO.0.C	IKZF1	16_49774652_49775088	207	214	+	11.439	7.06e-05	0.231	GTGGGAGA
IKZF1_MOUSE.H11MO.0.C	IKZF1	7_89841932_89842290	215	222	+	11.439	7.06e-05	0.231	GTGGGAGA
IKZF1_MOUSE.H11MO.0.C	IKZF1	6_52024785_52025060	224	231	+	11.439	7.06e-05	0.231	GTGGGAGA
IKZF1_MOUSE.H11MO.0.C	IKZF1	11_82340018_82340329	250	257	+	11.439	7.06e-05	0.231	GTGGGAGA
IKZF1_MOUSE.H11MO.0.C	IKZF1	8_68926311_68926693	257	264	+	11.439	7.06e-05	0.231	GTGGGAGA
IKZF1_MOUSE.H11MO.0.C	IKZF1	4_41368222_41368615	258	265	+	11.439	7.06e-05	0.231	GTGGGAGA
IKZF1_MOUSE.H11MO.0.C	IKZF1	7_143565481_143566032	270	277	+	11.439	7.06e-05	0.231	GTGGGAGA
IKZF1_MOUSE.H11MO.0.C	IKZF1	19_29241542_29241878	276	283	+	11.439	7.06e-05	0.231	GTGGGAGA
IKZF1_MOUSE.H11MO.0.C	IKZF1	4_43605056_43605505	302	309	+	11.439	7.06e-05	0.231	GTGGGAGA
IKZF1_MOUSE.H11MO.0.C	IKZF1	5_53937235_53937653	337	344	+	11.439	7.06e-05	0.231	GTGGGAGA
IKZF1_MOUSE.H11MO.0.C	IKZF1	4_132982971_132983462	365	372	+	11.439	7.06e-05	0.231	GTGGGAGA
IKZF1_MOUSE.H11MO.0.C	IKZF1	18_65228112_65228598	403	410	+	11.439	7.06e-05	0.231	GTGGGAGA
IKZF1_MOUSE.H11MO.0.C	IKZF1	8_120486970_120487874	412	419	+	11.439	7.06e-05	0.231	GTGGGAGA
IKZF1_MOUSE.H11MO.0.C	IKZF1	5_67815561_67816065	431	438	+	11.439	7.06e-05	0.231	GTGGGAGA
IKZF1_MOUSE.H11MO.0.C	IKZF1	13_54322424_54322890	438	445	+	11.439	7.06e-05	0.231	gtgggaga
IKZF1_MOUSE.H11MO.0.C	IKZF1	6_90660928_90661494	558	565	+	11.439	7.06e-05	0.231	GTGGGAGA
IKZF1_MOUSE.H11MO.0.C	IKZF1	7_113084673_113085427	598	605	+	11.439	7.06e-05	0.231	GTGGGAGA
IKZF1_MOUSE.H11MO.0.C	IKZF1	1_130740903_130741687	598	605	+	11.439	7.06e-05	0.231	GTGGGAGA
IKZF1_MOUSE.H11MO.0.C	IKZF1	12_75855038_75855480	3	10	-	11.439	7.06e-05	0.231	GTGGGAGA
IKZF1_MOUSE.H11MO.0.C	IKZF1	11_4101947_4102254	10	17	-	11.439	7.06e-05	0.231	GTGGGAGA
IKZF1_MOUSE.H11MO.0.C	IKZF1	4_154075150_154075375	25	32	-	11.439	7.06e-05	0.231	GTGGGAGA
IKZF1_MOUSE.H11MO.0.C	IKZF1	10_58231206_58231391	35	42	-	11.439	7.06e-05	0.231	GTGGGAGA
IKZF1_MOUSE.H11MO.0.C	IKZF1	13_58593110_58593480	51	58	-	11.439	7.06e-05	0.231	GTGGGAGA
IKZF1_MOUSE.H11MO.0.C	IKZF1	11_117092740_117093126	52	59	-	11.439	7.06e-05	0.231	GTGGGAGA
IKZF1_MOUSE.H11MO.0.C	IKZF1	2_19399466_19399675	61	68	-	11.439	7.06e-05	0.231	GTGGGAGA
IKZF1_MOUSE.H11MO.0.C	IKZF1	5_124266856_124267207	69	76	-	11.439	7.06e-05	0.231	GTGGGAGA
IKZF1_MOUSE.H11MO.0.C	IKZF1	11_53605788_53605969	82	89	-	11.439	7.06e-05	0.231	GTGGGAGA
IKZF1_MOUSE.H11MO.0.C	IKZF1	10_80627731_80628093	84	91	-	11.439	7.06e-05	0.231	GTGGGAGA
IKZF1_MOUSE.H11MO.0.C	IKZF1	6_90754960_90755160	100	107	-	11.439	7.06e-05	0.231	GTGGGAGA
IKZF1_MOUSE.H11MO.0.C	IKZF1	4_89043962_89044380	109	116	-	11.439	7.06e-05	0.231	GTGGGAGA
IKZF1_MOUSE.H11MO.0.C	IKZF1	6_96027980_96028198	111	118	-	11.439	7.06e-05	0.231	GTGGGAGA
IKZF1_MOUSE.H11MO.0.C	IKZF1	6_88108153_88108325	124	131	-	11.439	7.06e-05	0.231	GTGGGAGA
IKZF1_MOUSE.H11MO.0.C	IKZF1	9_48745055_48745304	127	134	-	11.439	7.06e-05	0.231	GTGGGAGA
IKZF1_MOUSE.H11MO.0.C	IKZF1	15_67643349_67643776	128	135	-	11.439	7.06e-05	0.231	GTGGGAGA
IKZF1_MOUSE.H11MO.0.C	IKZF1	8_84276523_84277235	130	137	-	11.439	7.06e-05	0.231	GTGGGAGA
IKZF1_MOUSE.H11MO.0.C	IKZF1	3_115716233_115716520	158	165	-	11.439	7.06e-05	0.231	GTGGGAGA
IKZF1_MOUSE.H11MO.0.C	IKZF1	19_37561554_37561961	177	184	-	11.439	7.06e-05	0.231	GTGGGAGA
IKZF1_MOUSE.H11MO.0.C	IKZF1	5_33238027_33238352	180	187	-	11.439	7.06e-05	0.231	GTGGGAGA
IKZF1_MOUSE.H11MO.0.C	IKZF1	7_63903578_63903802	180	187	-	11.439	7.06e-05	0.231	GTGGGAGA
IKZF1_MOUSE.H11MO.0.C	IKZF1	2_93682695_93683159	185	192	-	11.439	7.06e-05	0.231	GTGGGAGA
IKZF1_MOUSE.H11MO.0.C	IKZF1	9_21927262_21927734	188	195	-	11.439	7.06e-05	0.231	GTGGGAGA
IKZF1_MOUSE.H11MO.0.C	IKZF1	11_87806132_87806705	193	200	-	11.439	7.06e-05	0.231	GTGGGAGA
IKZF1_MOUSE.H11MO.0.C	IKZF1	7_46409284_46409769	194	201	-	11.439	7.06e-05	0.231	GTGGGAGA
IKZF1_MOUSE.H11MO.0.C	IKZF1	13_43191677_43192272	202	209	-	11.439	7.06e-05	0.231	GTGGGAGA
IKZF1_MOUSE.H11MO.0.C	IKZF1	9_22322390_22322700	236	243	-	11.439	7.06e-05	0.231	GTGGGAGA
IKZF1_MOUSE.H11MO.0.C	IKZF1	12_104214045_104214542	246	253	-	11.439	7.06e-05	0.231	GTGGGAGA
IKZF1_MOUSE.H11MO.0.C	IKZF1	11_120077138_120077463	249	256	-	11.439	7.06e-05	0.231	GTGGGAGA
IKZF1_MOUSE.H11MO.0.C	IKZF1	17_29888438_29888788	266	273	-	11.439	7.06e-05	0.231	GTGGGAGA
IKZF1_MOUSE.H11MO.0.C	IKZF1	13_92775011_92775369	273	280	-	11.439	7.06e-05	0.231	GTGGGAGA
IKZF1_MOUSE.H11MO.0.C	IKZF1	17_31259252_31259552	273	280	-	11.439	7.06e-05	0.231	GTGGGAGA
IKZF1_MOUSE.H11MO.0.C	IKZF1	4_109445296_109445718	280	287	-	11.439	7.06e-05	0.231	GTGGGAGA
IKZF1_MOUSE.H11MO.0.C	IKZF1	16_75343544_75343925	314	321	-	11.439	7.06e-05	0.231	GTGGGAGA
IKZF1_MOUSE.H11MO.0.C	IKZF1	11_67800301_67800627	316	323	-	11.439	7.06e-05	0.231	GTGGGAGA
IKZF1_MOUSE.H11MO.0.C	IKZF1	7_96705505_96705882	325	332	-	11.439	7.06e-05	0.231	GTGGGAGA
IKZF1_MOUSE.H11MO.0.C	IKZF1	6_94166153_94166631	346	353	-	11.439	7.06e-05	0.231	GTGGGAGA
IKZF1_MOUSE.H11MO.0.C	IKZF1	17_13221797_13222208	379	386	-	11.439	7.06e-05	0.231	GTGGGAGA
IKZF1_MOUSE.H11MO.0.C	IKZF1	16_22939147_22939672	476	483	-	11.439	7.06e-05	0.231	GTGGGAGA
IKZF1_MOUSE.H11MO.0.C	IKZF1	2_155742863_155743626	504	511	-	11.439	7.06e-05	0.231	GTGGGAGA
IKZF1_MOUSE.H11MO.0.C	IKZF1	19_44197087_44197821	598	605	-	11.439	7.06e-05	0.231	GTGGGAGA
IKZF1_MOUSE.H11MO.0.C	IKZF1	11_54884881_54885297	2	9	+	11.1098	8.53e-05	0.253	TTGGGAAG
IKZF1_MOUSE.H11MO.0.C	IKZF1	5_29901670_29902089	8	15	+	11.1098	8.53e-05	0.253	ttgggaag
IKZF1_MOUSE.H11MO.0.C	IKZF1	6_54528755_54528905	16	23	+	11.1098	8.53e-05	0.253	ttgggaag
IKZF1_MOUSE.H11MO.0.C	IKZF1	5_110479158_110479574	18	25	+	11.1098	8.53e-05	0.253	ttgggaag
IKZF1_MOUSE.H11MO.0.C	IKZF1	12_40185459_40185742	26	33	+	11.1098	8.53e-05	0.253	TTGGGAAG
IKZF1_MOUSE.H11MO.0.C	IKZF1	7_15954928_15955359	27	34	+	11.1098	8.53e-05	0.253	TTGGGAAG
IKZF1_MOUSE.H11MO.0.C	IKZF1	6_91622497_91622708	34	41	+	11.1098	8.53e-05	0.253	TTGGGAAG
IKZF1_MOUSE.H11MO.0.C	IKZF1	5_88724183_88724527	39	46	+	11.1098	8.53e-05	0.253	TTGGGAAG
IKZF1_MOUSE.H11MO.0.C	IKZF1	11_18963257_18963500	47	54	+	11.1098	8.53e-05	0.253	TTGGGAAG
IKZF1_MOUSE.H11MO.0.C	IKZF1	3_9398335_9398690	52	59	+	11.1098	8.53e-05	0.253	TTGGGAAG
IKZF1_MOUSE.H11MO.0.C	IKZF1	4_149840981_149841220	53	60	+	11.1098	8.53e-05	0.253	TTGGGAAG
IKZF1_MOUSE.H11MO.0.C	IKZF1	11_119801940_119802228	64	71	+	11.1098	8.53e-05	0.253	TTGGGAAG
IKZF1_MOUSE.H11MO.0.C	IKZF1	3_84455743_84456038	118	125	+	11.1098	8.53e-05	0.253	TTGGGAAG
IKZF1_MOUSE.H11MO.0.C	IKZF1	1_132374252_132374456	118	125	+	11.1098	8.53e-05	0.253	TTGGGAAG
IKZF1_MOUSE.H11MO.0.C	IKZF1	1_36835618_36835958	128	135	+	11.1098	8.53e-05	0.253	TTGGGAAG
IKZF1_MOUSE.H11MO.0.C	IKZF1	7_28347883_28348084	151	158	+	11.1098	8.53e-05	0.253	ttgggaag
IKZF1_MOUSE.H11MO.0.C	IKZF1	14_79265885_79266170	156	163	+	11.1098	8.53e-05	0.253	TTGGGAAG
IKZF1_MOUSE.H11MO.0.C	IKZF1	3_27791495_27791859	175	182	+	11.1098	8.53e-05	0.253	TTGGGAAG
IKZF1_MOUSE.H11MO.0.C	IKZF1	3_27584531_27584935	184	191	+	11.1098	8.53e-05	0.253	TTGGGAAG
IKZF1_MOUSE.H11MO.0.C	IKZF1	1_88252950_88253553	198	205	+	11.1098	8.53e-05	0.253	TTGGGAAG
IKZF1_MOUSE.H11MO.0.C	IKZF1	19_7105639_7105920	201	208	+	11.1098	8.53e-05	0.253	TTGGGAAG
IKZF1_MOUSE.H11MO.0.C	IKZF1	15_97865281_97865589	204	211	+	11.1098	8.53e-05	0.253	TTGGGAAG
IKZF1_MOUSE.H11MO.0.C	IKZF1	8_120382623_120382856	208	215	+	11.1098	8.53e-05	0.253	TTGGGAAG
IKZF1_MOUSE.H11MO.0.C	IKZF1	18_78133967_78134204	211	218	+	11.1098	8.53e-05	0.253	TTGGGAAG
IKZF1_MOUSE.H11MO.0.C	IKZF1	7_105608444_105608803	218	225	+	11.1098	8.53e-05	0.253	ttgggaag
IKZF1_MOUSE.H11MO.0.C	IKZF1	11_96947913_96948294	219	226	+	11.1098	8.53e-05	0.253	TTGGGAAG
IKZF1_MOUSE.H11MO.0.C	IKZF1	15_101139962_101140235	220	227	+	11.1098	8.53e-05	0.253	TTGGGAAG
IKZF1_MOUSE.H11MO.0.C	IKZF1	6_134090353_134090707	224	231	+	11.1098	8.53e-05	0.253	TTGGGAAG
IKZF1_MOUSE.H11MO.0.C	IKZF1	4_151818486_151818738	230	237	+	11.1098	8.53e-05	0.253	TTGGGAAG
IKZF1_MOUSE.H11MO.0.C	IKZF1	17_4380822_4381334	258	265	+	11.1098	8.53e-05	0.253	TTGGGAAG
IKZF1_MOUSE.H11MO.0.C	IKZF1	15_82253060_82253326	259	266	+	11.1098	8.53e-05	0.253	ttgggaag
IKZF1_MOUSE.H11MO.0.C	IKZF1	4_148431139_148431477	273	280	+	11.1098	8.53e-05	0.253	TTGGGAAG
IKZF1_MOUSE.H11MO.0.C	IKZF1	10_93143234_93143981	278	285	+	11.1098	8.53e-05	0.253	TTGGGAAG
IKZF1_MOUSE.H11MO.0.C	IKZF1	7_96705505_96705882	279	286	+	11.1098	8.53e-05	0.253	TTGGGAAG
IKZF1_MOUSE.H11MO.0.C	IKZF1	3_101288042_101288349	285	292	+	11.1098	8.53e-05	0.253	TTGGgaag
IKZF1_MOUSE.H11MO.0.C	IKZF1	15_73668049_73668508	315	322	+	11.1098	8.53e-05	0.253	TTGGGAAG
IKZF1_MOUSE.H11MO.0.C	IKZF1	19_11640782_11641108	318	325	+	11.1098	8.53e-05	0.253	TTGGGAAG
IKZF1_MOUSE.H11MO.0.C	IKZF1	8_69866765_69867408	319	326	+	11.1098	8.53e-05	0.253	ttgggaag
IKZF1_MOUSE.H11MO.0.C	IKZF1	8_69866765_69867408	351	358	+	11.1098	8.53e-05	0.253	ttgggaag
IKZF1_MOUSE.H11MO.0.C	IKZF1	11_68030741_68031201	358	365	+	11.1098	8.53e-05	0.253	TTGGGAAG
IKZF1_MOUSE.H11MO.0.C	IKZF1	15_100738335_100738843	479	486	+	11.1098	8.53e-05	0.253	ttgggaag
IKZF1_MOUSE.H11MO.0.C	IKZF1	8_69866765_69867408	610	617	+	11.1098	8.53e-05	0.253	ttgggaag
IKZF1_MOUSE.H11MO.0.C	IKZF1	3_9829225_9829442	1	8	-	11.1098	8.53e-05	0.253	TTGGGAAG
IKZF1_MOUSE.H11MO.0.C	IKZF1	15_79435380_79435728	2	9	-	11.1098	8.53e-05	0.253	TTGGGAAG
IKZF1_MOUSE.H11MO.0.C	IKZF1	4_107167865_107168157	2	9	-	11.1098	8.53e-05	0.253	TTGGGAAG
IKZF1_MOUSE.H11MO.0.C	IKZF1	8_11234218_11234556	20	27	-	11.1098	8.53e-05	0.253	TTGGGAAG
IKZF1_MOUSE.H11MO.0.C	IKZF1	17_32079915_32080157	42	49	-	11.1098	8.53e-05	0.253	TTGGGAAG
IKZF1_MOUSE.H11MO.0.C	IKZF1	8_114616034_114616321	44	51	-	11.1098	8.53e-05	0.253	TTGGGAAG
IKZF1_MOUSE.H11MO.0.C	IKZF1	4_56757283_56757618	48	55	-	11.1098	8.53e-05	0.253	TTGGGAAG
IKZF1_MOUSE.H11MO.0.C	IKZF1	13_51975377_51975607	105	112	-	11.1098	8.53e-05	0.253	TTGGGAAG
IKZF1_MOUSE.H11MO.0.C	IKZF1	3_101553057_101553582	114	121	-	11.1098	8.53e-05	0.253	TTGGGAAG
IKZF1_MOUSE.H11MO.0.C	IKZF1	10_12860329_12860695	115	122	-	11.1098	8.53e-05	0.253	TTGGGAAG
IKZF1_MOUSE.H11MO.0.C	IKZF1	1_54789347_54789619	118	125	-	11.1098	8.53e-05	0.253	TTGGGAAG
IKZF1_MOUSE.H11MO.0.C	IKZF1	14_14514571_14514942	144	151	-	11.1098	8.53e-05	0.253	TTGGGAAG
IKZF1_MOUSE.H11MO.0.C	IKZF1	14_46539895_46540090	150	157	-	11.1098	8.53e-05	0.253	TTGGGAAG
IKZF1_MOUSE.H11MO.0.C	IKZF1	3_37273315_37273553	162	169	-	11.1098	8.53e-05	0.253	TTGGGAAG
IKZF1_MOUSE.H11MO.0.C	IKZF1	12_72622881_72623441	166	173	-	11.1098	8.53e-05	0.253	TTGGGAAG
IKZF1_MOUSE.H11MO.0.C	IKZF1	2_130929982_130930369	177	184	-	11.1098	8.53e-05	0.253	TTGGGAAG
IKZF1_MOUSE.H11MO.0.C	IKZF1	15_89497680_89498141	182	189	-	11.1098	8.53e-05	0.253	TTGGGAAG
IKZF1_MOUSE.H11MO.0.C	IKZF1	7_121453616_121453938	191	198	-	11.1098	8.53e-05	0.253	TTGGGAAG
IKZF1_MOUSE.H11MO.0.C	IKZF1	11_100426877_100427084	193	200	-	11.1098	8.53e-05	0.253	TTGGGAAG
IKZF1_MOUSE.H11MO.0.C	IKZF1	9_103740223_103740533	193	200	-	11.1098	8.53e-05	0.253	TTGGGAAG
IKZF1_MOUSE.H11MO.0.C	IKZF1	6_121330011_121330274	194	201	-	11.1098	8.53e-05	0.253	TTGGGAAG
IKZF1_MOUSE.H11MO.0.C	IKZF1	3_37273315_37273553	207	214	-	11.1098	8.53e-05	0.253	TTGGGAAG
IKZF1_MOUSE.H11MO.0.C	IKZF1	4_101359197_101359465	222	229	-	11.1098	8.53e-05	0.253	TTGGGAAG
IKZF1_MOUSE.H11MO.0.C	IKZF1	12_83141271_83141566	234	241	-	11.1098	8.53e-05	0.253	TTGGGAAG
IKZF1_MOUSE.H11MO.0.C	IKZF1	15_36367341_36367726	251	258	-	11.1098	8.53e-05	0.253	TTGGGAAG
IKZF1_MOUSE.H11MO.0.C	IKZF1	1_170510581_170511315	261	268	-	11.1098	8.53e-05	0.253	TTGGGAAG
IKZF1_MOUSE.H11MO.0.C	IKZF1	18_55133707_55134635	278	285	-	11.1098	8.53e-05	0.253	TTGGGAAG
IKZF1_MOUSE.H11MO.0.C	IKZF1	8_120230800_120231114	295	302	-	11.1098	8.53e-05	0.253	TTGGGAAG
IKZF1_MOUSE.H11MO.0.C	IKZF1	5_29893734_29894177	317	324	-	11.1098	8.53e-05	0.253	TTGGGAAG
IKZF1_MOUSE.H11MO.0.C	IKZF1	11_103006920_103007352	335	342	-	11.1098	8.53e-05	0.253	TTGGGAAG
IKZF1_MOUSE.H11MO.0.C	IKZF1	10_83019493_83019861	336	343	-	11.1098	8.53e-05	0.253	TTGGGAAG
IKZF1_MOUSE.H11MO.0.C	IKZF1	8_26596765_26597268	404	411	-	11.1098	8.53e-05	0.253	TTGGGAAG
IKZF1_MOUSE.H11MO.0.C	IKZF1	1_88103031_88103489	424	431	-	11.1098	8.53e-05	0.253	TTGGGAAG
IKZF1_MOUSE.H11MO.0.C	IKZF1	17_4380822_4381334	429	436	-	11.1098	8.53e-05	0.253	TTGGGAAG
IKZF1_MOUSE.H11MO.0.C	IKZF1	9_69165183_69165765	467	474	-	11.1098	8.53e-05	0.253	TTGGGAAG

# FIMO (Find Individual Motif Occurrences): Version 5.3.0 compiled on Apr 12 2021 at 08:00:44
# The format of this file is described at http://meme-suite.org/doc/fimo-output-format.html.
# fimo --max-stored-scores 100000000 --o ../../data/ATAC_mpp3vmpp4/TOBIAS/IKZF1_MPP3 ../../LFS/genomeData/singleMotifs/IKZF_HOCOMOCO.meme ../../data/ATAC_mpp3vmpp4/output/MPP3_log2fc1.fna
